,4
A_0001,59.5154
A_0002,30.3856
A_0003,22.5853
A_0004,41.6844
A_0005,49.474
A_0006,26.1582
A_0007,27.3999
A_0008,59.4335
A_0009,36.6429
A_0010,47.0142
A_0011,40.5966
A_0012,33.9626
A_0013,31.6824
A_0014,37.9812
A_0015,59.3813
A_0016,42.6567
A_0017,34.5014
A_0018,73.8258
A_0019,48.9508
A_0020,25.0589
A_0021,24.6556
A_0022,45.5623
A_0023,53.375
A_0024,25.5387
A_0025,49.5177
A_0026,37.7621
A_0027,34.8125
A_0028,42.1784
A_0029,30.8802
A_0030,27.5437
A_0031,36.1537
A_0032,45.3271
A_0033,41.4241
A_0034,22.2197
A_0035,30.0427
A_0036,59.5065
A_0037,66.3253
A_0038,31.0681
A_0039,29.1912
A_0040,54.4375
A_0041,29.6585
A_0042,33.8155
A_0043,37.6038
A_0044,31.3689
A_0045,40.2451
A_0046,53.1118
A_0047,35.4813
A_0048,30.4442
A_0049,47.3638
A_0050,24.8741
A_0051,33.8658
A_0052,69.8887
A_0053,51.2834
A_0054,25.318
A_0055,24.4987
A_0056,44.3171
A_0057,35.5382
A_0058,43.846
A_0059,52.5468
A_0060,38.8159
A_0061,37.0207
A_0062,47.5252
A_0063,31.6018
A_0064,27.8837
A_0065,27.8707
A_0066,54.3505
A_0067,38.2421
A_0068,20.6347
A_0069,27.2272
A_0070,50.1774
A_0071,59.8631
A_0072,28.64
A_0073,42.0461
A_0074,33.8286
A_0075,31.6562
A_0076,36.9962
A_0077,39.1945
A_0078,32.6498
A_0079,43.4705
A_0080,59.8512
A_0081,69.6583
A_0082,32.3251
A_0083,23.3084
A_0084,46.0835
A_0085,47.7005
A_0086,26.219
A_0087,27.3917
A_0088,56.0866
A_0089,35.6733
A_0090,45.9402
A_0091,39.5402
A_0092,33.084
A_0093,29.0337
A_0094,33.0018
A_0095,47.9187
A_0096,37.8636
A_0097,24.7262
A_0098,46.1358
A_0099,66.9454
A_0100,33.3637
A_0101,30.5168
A_0102,68.2421
A_0103,55.1262
A_0104,28.6647
A_0105,37.8854
A_0106,32.3207
A_0107,34.5905
A_0108,43.1027
A_0109,53.8779
A_0110,40.1291
A_0111,29.9861
A_0112,35.0705
A_0113,55.1221
A_0114,26.0192
A_0115,25.0425
A_0116,46.6844
A_0117,39.5333
A_0118,21.6622
A_0119,29.0197
A_0120,55.788
A_0121,40.5748
A_0122,54.7034
A_0123,35.61
A_0124,30.3296
A_0125,32.6431
A_0126,38.3737
A_0127,43.7579
A_0128,34.979
A_0129,26.2828
A_0130,46.6829
A_0131,54.2258
A_0132,27.4174
A_0133,32.1239
A_0134,66.4439
A_0135,45.0338
A_0136,23.4905
A_0137,34.2447
A_0138,29.7136
A_0139,39.1156
A_0140,50.7449
A_0141,49.0848
A_0142,36.9345
A_0143,34.0085
A_0144,41.4056
A_0145,56.5298
A_0146,29.7946
A_0147,31.8675
A_0148,69.9352
A_0149,62.1933
A_0150,30.7319
A_0151,22.5822
A_0152,42.7394
A_0153,31.0584
A_0154,36.6224
A_0155,55.655
A_0156,41.3214
A_0157,32.0683
A_0158,39.0141
A_0159,34.7651
A_0160,30.2045
A_0161,25.8082
A_0162,53.1563
A_0163,45.5342
A_0164,24.8936
A_0165,25.3118
A_0166,48.8503
A_0167,73.0082
A_0168,34.6544
A_0169,45.2983
A_0170,36.2632
A_0171,27.7385
A_0172,31.1031
A_0173,42.2131
A_0174,34.9302
A_0175,37.8576
A_0176,49.3786
A_0177,29.0668
A_0178,62.4029
A_0179,51.651
A_0180,27.5414
A_0181,20.7487
A_0182,39.0884
A_0183,56.2464
A_0184,28.234
A_0185,62.6259
A_0186,44.4631
A_0187,33.1414
A_0188,40.2569
A_0189,37.8418
A_0190,32.0806
A_0191,34.4065
A_0192,43.4282
A_0193,44.038
A_0194,24.5403
A_0195,25.3556
A_0196,50.7737
A_0197,68.8223
A_0198,33.7754
A_0199,24.9144
A_0200,46.992
A_0201,27.8851
A_0202,31.5367
A_0203,47.0655
A_0204,36.8882
A_0205,38.6405
A_0206,51.8665
A_0207,43.5218
A_0208,35.437
A_0209,27.1964
A_0210,51.5166
A_0211,62.455
A_0212,28.6707
A_0213,31.5817
A_0214,62.092
A_0215,43.3549
A_0216,23.4984
A_0217,32.6654
A_0218,28.534
A_0219,37.9925
A_0220,49.4846
A_0221,39.9171
A_0222,32.8433
A_0223,30.9065
A_0224,35.6165
A_0225,57.5658
A_0226,28.0521
A_0227,26.7651
A_0228,48.7398
A_0229,47.2409
A_0230,23.8782
A_0231,33.1036
A_0232,71.6366
A_0233,38.5832
A_0234,49.1832
A_0235,33.8306
A_0236,29.5791
A_0237,33.7064
A_0238,40.5489
A_0239,47.3842
A_0240,36.4442
A_0241,31.8739
A_0242,66.5082
A_0243,44.8569
A_0244,23.2218
A_0245,26.0528
A_0246,46.5412
A_0247,54.1341
A_0248,27.1543
A_0249,48.8893
A_0250,36.7139
A_0251,33.8049
A_0252,41.1763
A_0253,33.9715
A_0254,29.4974
A_0255,38.9336
A_0256,50.601
A_0257,40.4125
A_0258,22.1624
A_0259,29.6639
A_0260,57.0986
A_0261,56.6337
A_0262,26.7017
A_0263,25.6068
A_0264,47.7432
A_0265,33.2354
A_0266,39.2921
A_0267,45.0158
A_0268,35.6998
A_0269,41.4179
A_0270,56.3405
A_0271,36.617
A_0272,30.9558
A_0273,25.0476
A_0274,48.7069
A_0275,73.1749
A_0276,34.4168
A_0277,25.523
A_0278,53.0458
A_0279,45.3751
A_0280,24.6475
A_0281,42.0098
A_0282,34.7435
A_0283,37.6584
A_0284,49.2072
A_0285,45.1028
A_0286,36.0698
A_0287,27.52
A_0288,30.8197
A_0289,63.7686
A_0290,31.4444
A_0291,23.1241
A_0292,43.7427
A_0293,57.8266
A_0294,30.4375
A_0295,32.6663
A_0296,71.9251
A_0297,32.7583
A_0298,40.1911
A_0299,35.6364
A_0300,30.7751
A_0301,31.6831
A_0302,37.6242
A_0303,57.2709
A_0304,42.1601
A_0305,67.5246
A_0306,33.1289
A_0307,24.4039
A_0308,46.1211
A_0309,43.2752
A_0310,24.0697
A_0311,24.7978
A_0312,49.7599
A_0313,37.94
A_0314,50.577
A_0315,42.6127
A_0316,34.8677
A_0317,27.3851
A_0318,30.789
A_0319,45.9986
A_0320,36.26
A_0321,21.0545
A_0322,39.4469
A_0323,56.6069
A_0324,28.5677
A_0325,29.4307
A_0326,62.7816
A_0327,51.9898
A_0328,27.8495
A_0329,38.2277
A_0330,32.3613
A_0331,34.7319
A_0332,43.8985
A_0333,63.0378
A_0334,44.7793
A_0335,33.4429
A_0336,40.6814
A_0337,46.2966
A_0338,23.3438
A_0339,32.4177
A_0340,70.172
A_0341,56.4128
A_0342,27.4508
A_0343,26.2638
A_0344,47.8987
A_0345,33.1607
A_0346,39.6973
A_0347,46.2049
A_0348,35.7788
A_0349,37.97
A_0350,48.1607
A_0351,33.1035
A_0352,29.0882
A_0353,31.9065
A_0354,62.4239
A_0355,43.6987
A_0356,23.7984
A_0357,27.509
A_0358,51.8615
A_0359,62.8415
A_0360,29.0409
A_0361,40.3508
A_0362,33.1492
A_0363,31.1724
A_0364,35.9759
A_0365,33.0827
A_0366,28.8294
A_0367,38.3076
A_0368,49.9249
A_0369,49.5008
A_0370,26.0105
A_0371,27.2328
A_0372,59.6128
A_0373,59.6695
A_0374,30.257
A_0375,22.4257
A_0376,41.6341
A_0377,31.569
A_0378,37.8782
A_0379,59.5765
A_0380,42.6178
A_0381,36.5589
A_0382,47.0147
A_0383,40.5323
A_0384,33.874
A_0385,27.3193
A_0386,54.0352
A_0387,46.5425
A_0388,26.2005
A_0389,23.4037
A_0390,44.8779
A_0391,66.2025
A_0392,32.0114
A_0393,50.545
A_0394,39.002
A_0395,29.6253
A_0396,34.1102
A_0397,41.2442
A_0398,33.909
A_0399,36.8113
A_0400,48.852
A_0401,66.6098
A_0402,30.9305
A_0403,29.0636
A_0404,54.5188
A_0405,41.3705
A_0406,22.0561
A_0407,29.9099
A_0408,59.6633
A_0409,40.1897
A_0410,53.1948
A_0411,35.3637
A_0412,30.3305
A_0413,29.5484
A_0414,33.6955
A_0415,37.4946
A_0416,31.252
A_0417,25.3077
A_0418,46.7303
A_0419,55.0062
A_0420,26.3226
A_0421,35.4478
A_0422,76.0704
A_0423,50.3135
A_0424,25.7709
A_0425,31.8454
A_0426,28.1894
A_0427,36.9832
A_0428,46.744
A_0429,51.2314
A_0430,38.6884
A_0431,35.5632
A_0432,43.3841
A_0433,26.8148
A_0434,49.4516
A_0435,58.8427
A_0436,28.1416
A_0437,27.4193
A_0438,53.5015
A_0439,37.6475
A_0440,20.2737
A_0441,38.4801
A_0442,32.2009
A_0443,42.8844
A_0444,58.7424
A_0445,41.2089
A_0446,33.3335
A_0447,31.2457
A_0448,36.3735
A_0449,51.8461
A_0450,25.7731
A_0451,24.8865
A_0452,44.7867
A_0453,47.8764
A_0454,25.2929
A_0455,34.3313
A_0456,70.4181
A_0457,37.4518
A_0458,48.1546
A_0459,32.1602
A_0460,28.2759
A_0461,35.9372
A_0462,44.4118
A_0463,53.253
A_0464,39.2845
A_0465,29.9638
A_0466,66.9926
A_0467,54.2872
A_0468,28.2154
A_0469,24.3262
A_0470,45.4407
A_0471,65.8995
A_0472,32.8526
A_0473,52.8342
A_0474,39.5642
A_0475,29.5511
A_0476,34.3888
A_0477,37.2674
A_0478,31.912
A_0479,34.0982
A_0480,42.2743
A_0481,48.1744
A_0482,26.6127
A_0483,27.8548
A_0484,56.6514
A_0485,70.2245
A_0486,32.8153
A_0487,23.7462
A_0488,46.6281
A_0489,29.4037
A_0490,33.5158
A_0491,48.4909
A_0492,38.2675
A_0493,36.1258
A_0494,46.6187
A_0495,40.0843
A_0496,33.4707
A_0497,26.6388
A_0498,29.5075
A_0499,43.1522
A_0500,34.9252
A_0501,36.3803
A_0502,46.8526
A_0503,40.3481
A_0504,33.7075
A_0505,46.0382
A_0506,25.3312
A_0507,26.3224
A_0508,53.7456
A_0509,73.5045
A_0510,35.1699
A_0511,25.7846
A_0512,49.3951
A_0513,56.2943
A_0514,41.7862
A_0515,31.4943
A_0516,37.2366
A_0517,35.3228
A_0518,30.6105
A_0519,32.5386
A_0520,39.6966
A_0521,30.3094
A_0522,66.8537
A_0523,54.3705
A_0524,28.5175
A_0525,21.4399
A_0526,40.9257
A_0527,59.6528
A_0528,29.3281
A_0529,40.9993
A_0530,54.1615
A_0531,36.4654
A_0532,31.1461
A_0533,35.6399
A_0534,44.1148
A_0535,53.0767
A_0536,38.974
A_0537,54.5857
A_0538,27.1687
A_0539,26.0557
A_0540,46.7976
A_0541,45.1226
A_0542,23.1989
A_0543,31.9421
A_0544,67.2668
A_0545,35.4629
A_0546,30.1454
A_0547,40.558
A_0548,55.1597
A_0549,43.8262
A_0550,34.862
A_0551,32.5089
A_0552,38.3056
A_0553,26.4301
A_0554,49.2692
A_0555,58.8161
A_0556,27.6994
A_0557,30.6011
A_0558,58.9821
A_0559,41.6836
A_0560,22.8944
A_0561,32.6348
A_0562,28.7304
A_0563,37.6357
A_0564,47.7942
A_0565,45.7408
A_0566,35.3867
A_0567,32.8102
A_0568,39.2604
A_0569,27.474
A_0570,49.9624
A_0571,59.2615
A_0572,28.9052
A_0573,34.0836
A_0574,73.8204
A_0575,48.614
A_0576,24.6319
A_0577,38.9332
A_0578,51.1596
A_0579,33.7912
A_0580,29.2674
A_0581,31.5966
A_0582,36.6418
A_0583,41.2683
A_0584,33.6685
A_0585,60.9204
A_0586,27.5311
A_0587,26.2431
A_0588,50.2837
A_0589,42.1997
A_0590,22.6002
A_0591,30.5672
A_0592,60.7829
A_0593,47.5705
A_0594,37.3773
A_0595,28.4255
A_0596,32.2469
A_0597,44.0445
A_0598,35.907
A_0599,39.147
A_0600,52.3083
A_0601,24.2413
A_0602,48.4196
A_0603,42.3204
A_0604,23.6044
A_0605,23.897
A_0606,45.0034
A_0607,65.5768
A_0608,32.4049
A_0609,31.9289
A_0610,38.2329
A_0611,59.1455
A_0612,42.7823
A_0613,33.0576
A_0614,41.0084
A_0615,36.1051
A_0616,30.9799
A_0617,51.9745
A_0618,28.1205
A_0619,29.7335
A_0620,62.5112
A_0621,56.4976
A_0622,28.8541
A_0623,21.3779
A_0624,39.6278
A_0625,39.7887
A_0626,32.6579
A_0627,30.7254
A_0628,35.4397
A_0629,37.3457
A_0630,31.6118
A_0631,41.8315
A_0632,56.1463
A_0633,29.4815
A_0634,59.4684
A_0635,40.9882
A_0636,21.6275
A_0637,28.6642
A_0638,54.2754
A_0639,66.5157
A_0640,30.4691
A_0641,34.3883
A_0642,41.7196
A_0643,49.1445
A_0644,37.3097
A_0645,35.7144
A_0646,44.8901
A_0647,30.2264
A_0648,27.0432
A_0649,51.3598
A_0650,26.2119
A_0651,36.0964
A_0652,78.0343
A_0653,56.298
A_0654,26.8121
A_0655,25.7089
A_0656,47.6043
A_0657,39.528
A_0658,33.2667
A_0659,35.7996
A_0660,45.5594
A_0661,57.5328
A_0662,41.6885
A_0663,30.9371
A_0664,36.7894
A_0665,23.5072
A_0666,42.8967
A_0667,60.9305
A_0668,31.4354
A_0669,28.5718
A_0670,61.0863
A_0671,50.783
A_0672,27.1403
A_0673,37.0181
A_0674,48.9075
A_0675,41.4238
A_0676,34.1153
A_0677,29.8628
A_0678,34.3842
A_0679,50.5569
A_0680,39.1608
A_0681,62.649
A_0682,30.3182
A_0683,22.0865
A_0684,42.553
A_0685,44.4442
A_0686,24.9532
A_0687,25.8357
A_0688,51.2103
A_0689,34.768
A_0690,43.1614
A_0691,38.036
A_0692,32.5026
A_0693,30.2184
A_0694,35.3034
A_0695,53.6221
A_0696,40.2241
A_0697,63.2871
A_0698,31.6729
A_0699,23.4302
A_0700,43.7772
A_0701,52.238
A_0702,27.1943
A_0703,28.7029
A_0704,63.8807
A_0705,37.255
A_0706,31.6381
A_0707,33.9006
A_0708,42.7433
A_0709,45.1111
A_0710,36.2127
A_0711,27.752
A_0712,31.0905
A_0713,23.6485
A_0714,46.067
A_0715,68.8963
A_0716,32.5673
A_0717,27.6945
A_0718,55.8
A_0719,47.6525
A_0720,26.4911
A_0721,31.2934
A_0722,36.508
A_0723,41.4632
A_0724,33.4117
A_0725,43.0787
A_0726,59.3803
A_0727,38.6623
A_0728,32.2617
A_0729,39.9726
A_0730,21.7479
A_0731,29.2277
A_0732,56.7179
A_0733,62.6758
A_0734,30.1356
A_0735,28.469
A_0736,52.2198
A_0737,55.6569
A_0738,40.5046
A_0739,36.9113
A_0740,46.0367
A_0741,33.4326
A_0742,29.104
A_0743,38.5354
A_0744,50.0967
A_0745,33.4176
A_0746,69.5538
A_0747,46.919
A_0748,24.4496
A_0749,24.105
A_0750,43.8988
A_0751,50.813
A_0752,24.8573
A_0753,60.5414
A_0754,43.7184
A_0755,32.7697
A_0756,39.4559
A_0757,37.2039
A_0758,31.7594
A_0759,33.9699
A_0760,42.3862
A_0761,28.7414
A_0762,60.4973
A_0763,50.5465
A_0764,27.3012
A_0765,20.657
A_0766,38.451
A_0767,54.825
A_0768,27.9566
A_0769,28.7681
A_0770,32.9487
A_0771,49.5224
A_0772,38.1561
A_0773,40.0898
A_0774,55.0002
A_0775,45.5272
A_0776,36.562
A_0777,45.7195
A_0778,25.3247
A_0779,26.3027
A_0780,53.1858
A_0781,72.404
A_0782,35.0294
A_0783,25.7726
A_0784,48.9794
A_0785,33.5546
A_0786,29.0418
A_0787,38.836
A_0788,51.3631
A_0789,41.1894
A_0790,33.4943
A_0791,31.4206
A_0792,36.4882
A_0793,27.6975
A_0794,53.0871
A_0795,65.0872
A_0796,29.3156
A_0797,32.2339
A_0798,64.3063
A_0799,44.5033
A_0800,23.8861
A_0801,37.6335
A_0802,47.343
A_0803,32.8051
A_0804,28.9436
A_0805,32.9343
A_0806,39.1945
A_0807,45.3226
A_0808,35.4545
A_0809,55.2773
A_0810,27.3048
A_0811,26.1603
A_0812,47.2272
A_0813,45.5822
A_0814,23.2839
A_0815,32.1494
A_0816,68.3361
A_0817,41.7848
A_0818,57.4096
A_0819,36.9768
A_0820,31.1111
A_0821,33.408
A_0822,39.6611
A_0823,45.6398
A_0824,35.9434
A_0825,57.6227
A_0826,26.8108
A_0827,25.6829
A_0828,48.3067
A_0829,40.7814
A_0830,22.1896
A_0831,29.8071
A_0832,57.9586
A_0833,33.4398
A_0834,29.2487
A_0835,38.3461
A_0836,49.0952
A_0837,47.2238
A_0838,36.1426
A_0839,33.4128
A_0840,40.2674
A_0841,25.9003
A_0842,45.5852
A_0843,52.569
A_0844,26.9421
A_0845,31.4877
A_0846,64.0388
A_0847,43.8541
A_0848,23.134
A_0849,30.1322
A_0850,35.0735
A_0851,52.8335
A_0852,39.9601
A_0853,31.0367
A_0854,37.1665
A_0855,33.4354
A_0856,29.3647
A_0857,54.2292
A_0858,28.856
A_0859,30.6816
A_0860,66.2353
A_0861,59.3365
A_0862,29.6835
A_0863,21.8606
A_0864,41.1024
A_0865,46.4144
A_0866,36.7671
A_0867,28.0013
A_0868,31.5765
A_0869,43.0927
A_0870,35.3642
A_0871,38.4519
A_0872,50.8524
A_0873,26.0881
A_0874,54.6611
A_0875,46.4592
A_0876,25.1103
A_0877,25.5565
A_0878,50.0098
A_0879,75.6922
A_0880,35.196
A_0881,34.9049
A_0882,42.6144
A_0883,50.5033
A_0884,37.9676
A_0885,36.2936
A_0886,45.9731
A_0887,30.8646
A_0888,27.4516
A_0889,46.0994
A_0890,24.4864
A_0891,33.1809
A_0892,67.3081
A_0893,49.7077
A_0894,24.8858
A_0895,24.1473
A_0896,43.2728
A_0897,43.8897
A_0898,34.7743
A_0899,32.4073
A_0900,38.2575
A_0901,40.6973
A_0902,33.4877
A_0903,44.7682
A_0904,62.8365
A_0905,28.6389
A_0906,56.4992
A_0907,39.4677
A_0908,21.1463
A_0909,27.918
A_0910,51.9273
A_0911,62.5995
A_0912,29.5042
A_0913,36.2182
A_0914,47.292
A_0915,40.3459
A_0916,33.4828
A_0917,29.3234
A_0918,33.5335
A_0919,49.1449
A_0920,38.4084
A_0921,72.2341
A_0922,32.8104
A_0923,23.5114
A_0924,47.1645
A_0925,48.7002
A_0926,26.4639
A_0927,27.712
A_0928,57.7279
A_0929,36.4557
A_0930,31.4342
A_0931,33.4929
A_0932,41.0858
A_0933,51.0864
A_0934,38.785
A_0935,29.075
A_0936,33.552
A_0937,23.9564
A_0938,44.3816
A_0939,63.8669
A_0940,32.2436
A_0941,29.3548
A_0942,64.5564
A_0943,52.8437
A_0944,27.743
A_0945,41.8823
A_0946,34.2182
A_0947,37.2367
A_0948,49.9559
A_0949,51.5202
A_0950,39.4212
A_0951,29.8531
A_0952,34.5335
A_0953,23.5554
A_0954,45.551
A_0955,67.6939
A_0956,32.3361
A_0957,27.5437
A_0958,55.0227
A_0959,47.1707
A_0960,26.376
A_0961,36.1547
A_0962,45.8416
A_0963,39.881
A_0964,33.6048
A_0965,31.3431
A_0966,37.2582
A_0967,57.4524
A_0968,41.9614
A_0969,57.9853
A_0970,30.0605
A_0971,22.4587
A_0972,40.9779
A_0973,48.4409
A_0974,25.9473
A_0975,27.1168
A_0976,57.6589
A_0977,47.3809
A_0978,36.7431
A_0979,34.0197
A_0980,40.7797
A_0981,29.9382
A_0982,26.9483
A_0983,35.2609
A_0984,43.6279
A_0985,33.5143
A_0986,70.4479
A_0987,47.2435
A_0988,24.4408
A_0989,24.0938
A_0990,44.1461
A_0991,51.2524
A_0992,24.8522
A_0993,30.1476
A_0994,34.6348
A_0995,38.7891
A_0996,31.985
A_0997,41.1416
A_0998,55.1294
A_0999,36.4538
A_1000,30.99
A_1001,42.5121
A_1002,22.5812
A_1003,30.6567
A_1004,61.6123
A_1005,69.1157
A_1006,31.7731
A_1007,29.7337
A_1008,56.0976
A_1009,44.9148
A_1010,23.9303
A_1011,32.3997
A_1012,65.2838
A_1013,66.2671
A_1014,29.4553
A_1015,27.7927
A_1016,53.7181
A_1017,33.0989
A_1018,39.0033
A_1019,44.5325
A_1020,35.5081
A_1021,41.1298
A_1022,55.5189
A_1023,36.3367
A_1024,30.8333
A_1025,33.366
A_1026,71.3229
A_1027,47.3658
A_1028,24.1839
A_1029,27.0211
A_1030,48.8308
A_1031,57.5359
A_1032,28.3428
A_1033,44.2711
A_1034,34.6814
A_1035,32.2595
A_1036,38.2958
A_1037,31.9065
A_1038,28.2775
A_1039,36.9575
A_1040,46.479
A_1041,55.6791
A_1042,28.7682
A_1043,21.4064
A_1044,39.314
A_1045,51.3538
A_1046,28.0524
A_1047,29.6238
A_1048,61.3888
A_1049,32.8974
A_1050,40.5417
A_1051,35.8458
A_1052,30.8741
A_1053,31.7997
A_1054,37.8907
A_1055,58.0306
A_1056,42.4265
A_1057,24.0531
A_1058,46.0828
A_1059,68.1146
A_1060,32.8647
A_1061,24.4216
A_1062,49.8095
A_1063,43.1844
A_1064,23.7413
A_1065,45.1549
A_1066,36.4045
A_1067,39.8585
A_1068,54.304
A_1069,49.0255
A_1070,37.967
A_1071,28.6914
A_1072,32.782
A_1073,21.4544
A_1074,40.273
A_1075,57.9708
A_1076,29.1231
A_1077,30.0529
A_1078,64.5047
A_1079,53.1098
A_1080,28.3507
A_1081,34.8886
A_1082,30.4146
A_1083,32.2561
A_1084,38.9613
A_1085,54.6412
A_1086,41.2031
A_1087,31.2606
A_1088,36.6799
A_1089,75.4959
A_1090,35.5452
A_1091,25.9364
A_1092,50.237
A_1093,46.7052
A_1094,25.4638
A_1095,26.4985
A_1096,54.8453
A_1097,36.7604
A_1098,47.821
A_1099,40.9187
A_1100,33.9812
A_1101,26.7859
A_1102,29.7814
A_1103,43.8811
A_1104,35.2452
A_1105,31.3047
A_1106,60.8907
A_1107,42.787
A_1108,23.3729
A_1109,27.0066
A_1110,50.6983
A_1111,61.0408
A_1112,28.4168
A_1113,45.4232
A_1114,35.6791
A_1115,33.1576
A_1116,39.3961
A_1117,36.6254
A_1118,30.8105
A_1119,41.5796
A_1120,57.4576
A_1121,42.4316
A_1122,21.9393
A_1123,30.1737
A_1124,62.6152
A_1125,51.1191
A_1126,25.6884
A_1127,24.8257
A_1128,44.344
A_1129,34.002
A_1130,41.2887
A_1131,48.7764
A_1132,36.8931
A_1133,39.0554
A_1134,50.455
A_1135,34.233
A_1136,29.7453
A_1137,29.0644
A_1138,59.4091
A_1139,50.1009
A_1140,27.6103
A_1141,24.7859
A_1142,48.7753
A_1143,73.9327
A_1144,34.2468
A_1145,47.9698
A_1146,37.7689
A_1147,28.8592
A_1148,32.8109
A_1149,39.4391
A_1150,32.9418
A_1151,35.5386
A_1152,45.9539
A_1153,50.4347
A_1154,26.3906
A_1155,27.7059
A_1156,61.0806
A_1157,60.9197
A_1158,30.7191
A_1159,22.7429
A_1160,42.3551
A_1161,29.4031
A_1162,33.9801
A_1163,51.3437
A_1164,39.0732
A_1165,33.8071
A_1166,41.459
A_1167,36.8029
A_1168,31.7179
A_1169,23.81
A_1170,43.0828
A_1171,49.5918
A_1172,24.4969
A_1173,32.8691
A_1174,67.5794
A_1175,45.9351
A_1176,24.1251
A_1177,32.7881
A_1178,28.726
A_1179,37.926
A_1180,48.8024
A_1181,53.9524
A_1182,39.7947
A_1183,36.3796
A_1184,45.0089
A_1185,64.4806
A_1186,30.148
A_1187,28.4342
A_1188,53.1373
A_1189,40.3427
A_1190,21.5482
A_1191,29.2121
A_1192,57.9801
A_1193,43.5355
A_1194,61.1564
A_1195,39.0508
A_1196,32.3325
A_1197,31.3333
A_1198,36.7673
A_1199,42.0545
A_1200,33.5249
A_1201,54.9179
A_1202,26.7932
A_1203,25.7197
A_1204,46.8492
A_1205,50.3566
A_1206,26.2104
A_1207,35.7826
A_1208,75.239
A_1209,35.4533
A_1210,44.0923
A_1211,30.0908
A_1212,27.0226
A_1213,34.1819
A_1214,41.138
A_1215,48.0065
A_1216,36.975
A_1217,28.9769
A_1218,55.4327
A_1219,68.5435
A_1220,30.8859
A_1221,29.8397
A_1222,60.9646
A_1223,41.699
A_1224,21.8043
A_1225,38.0115
A_1226,31.9598
A_1227,42.4513
A_1228,57.6594
A_1229,40.6199
A_1230,33.0565
A_1231,31.0331
A_1232,35.9889
A_1233,45.7342
A_1234,25.555
A_1235,26.5623
A_1236,53.0554
A_1237,65.1704
A_1238,31.2045
A_1239,22.6918
A_1240,43.9577
A_1241,30.5652
A_1242,35.5195
A_1243,52.5236
A_1244,40.1691
A_1245,38.0882
A_1246,51.1717
A_1247,42.8925
A_1248,34.9507
A_1249,27.0411
A_1250,57.003
A_1251,48.0652
A_1252,25.8943
A_1253,22.4384
A_1254,40.7307
A_1255,57.4147
A_1256,29.9629
A_1257,53.2836
A_1258,39.6708
A_1259,29.54
A_1260,34.4449
A_1261,37.3555
A_1262,31.9234
A_1263,34.1356
A_1264,42.475
A_1265,29.7802
A_1266,26.8143
A_1267,35.1813
A_1268,43.6268
A_1269,47.4435
A_1270,36.6711
A_1271,33.9359
A_1272,40.742
A_1273,25.5068
A_1274,46.4529
A_1275,54.3608
A_1276,26.5371
A_1277,35.4674
A_1278,74.4584
A_1279,49.8927
A_1280,25.9779
A_1281,42.1204
A_1282,57.0156
A_1283,37.6169
A_1284,31.7152
A_1285,30.8099
A_1286,35.6464
A_1287,40.1552
A_1288,32.7861
A_1289,67.7702
A_1290,30.5805
A_1291,28.7308
A_1292,54.9292
A_1293,41.3125
A_1294,21.5983
A_1295,29.5671
A_1296,60.3528
A_1297,52.7302
A_1298,40.3386
A_1299,30.7346
A_1300,35.7476
A_1301,43.1165
A_1302,35.1214
A_1303,38.2831
A_1304,51.424
A_1305,26.7674
A_1306,53.2447
A_1307,45.9102
A_1308,25.7314
A_1309,22.8912
A_1310,44.1632
A_1311,65.3208
A_1312,31.4138
A_1313,29.7233
A_1314,34.6998
A_1315,53.5123
A_1316,39.8551
A_1317,34.3208
A_1318,42.7259
A_1319,37.5698
A_1320,32.0858
A_1321,48.2472
A_1322,26.0805
A_1323,27.2594
A_1324,57.1929
A_1325,57.5766
A_1326,30.1529
A_1327,22.6198
A_1328,40.9208
A_1329,28.643
A_1330,32.4831
A_1331,47.4724
A_1332,37.4849
A_1333,35.2341
A_1334,45.3854
A_1335,39.0413
A_1336,32.6956
A_1337,49.6824
A_1338,27.389
A_1339,28.796
A_1340,58.8116
A_1341,73.1338
A_1342,33.931
A_1343,24.5539
A_1344,48.3073
A_1345,50.7676
A_1346,38.764
A_1347,29.172
A_1348,33.6176
A_1349,36.4689
A_1350,31.4982
A_1351,33.5418
A_1352,41.0103
A_1353,27.4218
A_1354,60.395
A_1355,49.9742
A_1356,26.1588
A_1357,22.5393
A_1358,41.9797
A_1359,60.3365
A_1360,30.4515
A_1361,38.1019
A_1362,49.0268
A_1363,33.0257
A_1364,28.8997
A_1365,36.5451
A_1366,45.2214
A_1367,54.1846
A_1368,39.9821
A_1369,49.7965
A_1370,24.7074
A_1371,23.9902
A_1372,43.2678
A_1373,46.1305
A_1374,24.3192
A_1375,33.0713
A_1376,67.7144
A_1377,39.2989
A_1378,32.5141
A_1379,43.7138
A_1380,61.3523
A_1381,42.3249
A_1382,33.72
A_1383,31.5031
A_1384,36.9953
A_1385,28.6197
A_1386,53.3067
A_1387,64.6399
A_1388,30.365
A_1389,29.4121
A_1390,58.1494
A_1391,40.5438
A_1392,21.7381
A_1393,32.0642
A_1394,38.6892
A_1395,34.6631
A_1396,30.2479
A_1397,31.0821
A_1398,36.4332
A_1399,54.3941
A_1400,41.0164
A_1401,57.7553
A_1402,28.9144
A_1403,21.262
A_1404,40.0515
A_1405,52.905
A_1406,28.1579
A_1407,29.8255
A_1408,64.2829
A_1409,40.6787
A_1410,33.8053
A_1411,36.557
A_1412,47.5327
A_1413,43.6185
A_1414,35.0564
A_1415,26.6083
A_1416,29.5343
A_1417,25.7337
A_1418,50.0149
A_1419,75.3184
A_1420,35.3275
A_1421,26.278
A_1422,54.6085
A_1423,46.4978
A_1424,25.2763
A_1425,33.3881
A_1426,39.7565
A_1427,45.9217
A_1428,35.9605
A_1429,41.908
A_1430,58.1091
A_1431,37.0242
A_1432,31.0555
A_1433,43.1375
A_1434,23.5737
A_1435,31.5623
A_1436,61.4144
A_1437,61.6538
A_1438,28.6924
A_1439,27.2326
A_1440,51.1205
A_1441,49.3572
A_1442,37.1998
A_1443,34.2493
A_1444,41.6911
A_1445,34.5666
A_1446,29.9639
A_1447,39.3388
A_1448,50.9554
A_1449,30.4472
A_1450,63.2103
A_1451,42.8131
A_1452,22.1493
A_1453,25.0257
A_1454,44.6896
A_1455,51.5871
A_1456,25.9264
A_1457,44.2653
A_1458,35.3167
A_1459,32.9321
A_1460,38.7795
A_1461,36.075
A_1462,30.6472
A_1463,40.9346
A_1464,55.2574
A_1465,32.1908
A_1466,65.085
A_1467,44.6969
A_1468,23.7365
A_1469,27.5911
A_1470,53.5033
A_1471,66.0361
A_1472,29.2155
A_1473,32.0806
A_1474,38.0488
A_1475,43.9699
A_1476,34.4736
A_1477,36.774
A_1478,46.2288
A_1479,31.6674
A_1480,28.1039
A_1481,47.1352
A_1482,23.9782
A_1483,33.1436
A_1484,71.1269
A_1485,57.3125
A_1486,28.1284
A_1487,26.8378
A_1488,48.6317
A_1489,36.1821
A_1490,31.094
A_1491,33.1635
A_1492,40.9972
A_1493,58.6493
A_1494,42.7467
A_1495,32.0405
A_1496,38.2779
A_1497,21.5984
A_1498,39.6424
A_1499,56.1604
A_1500,29.0124
A_1501,29.8941
A_1502,61.9725
A_1503,51.7621
A_1504,28.275
A_1505,40.1797
A_1506,54.9323
A_1507,45.5815
A_1508,36.6615
A_1509,28.9109
A_1510,33.1184
A_1511,49.5345
A_1512,38.2526
A_1513,68.7536
A_1514,33.1507
A_1515,24.2712
A_1516,46.4859
A_1517,43.5337
A_1518,23.9419
A_1519,24.6605
A_1520,50.2851
A_1521,66.9926
A_1522,32.0414
A_1523,23.3358
A_1524,45.1239
A_1525,46.7849
A_1526,26.1658
A_1527,27.2913
A_1528,54.4863
A_1529,36.9083
A_1530,49.3046
A_1531,41.4438
A_1532,33.9564
A_1533,29.6246
A_1534,34.1774
A_1535,50.9613
A_1536,39.1168
A_1537,22.2628
A_1538,40.6262
A_1539,57.4531
A_1540,29.8058
A_1541,26.8473
A_1542,57.0427
A_1543,48.0144
A_1544,25.7253
A_1545,39.5135
A_1546,33.3704
A_1547,35.8682
A_1548,45.3334
A_1549,56.7835
A_1550,41.6243
A_1551,31.0955
A_1552,36.855
A_1553,47.4404
A_1554,24.6389
A_1555,33.7203
A_1556,70.5725
A_1557,51.4575
A_1558,25.0672
A_1559,24.2774
A_1560,44.3331
A_1561,34.1825
A_1562,40.9921
A_1563,47.6237
A_1564,36.9281
A_1565,35.4342
A_1566,43.8556
A_1567,30.1687
A_1568,27.1175
A_1569,30.8576
A_1570,61.7698
A_1571,42.7113
A_1572,22.7727
A_1573,29.92
A_1574,56.26
A_1575,69.2543
A_1576,31.9908
A_1577,39.0488
A_1578,32.1726
A_1579,30.3114
A_1580,34.8535
A_1581,36.6916
A_1582,31.165
A_1583,41.3159
A_1584,55.3374
A_1585,32.8923
A_1586,66.644
A_1587,45.6861
A_1588,24.2697
A_1589,23.9479
A_1590,42.9147
A_1591,49.2201
A_1592,24.6487
A_1593,49.884
A_1594,37.647
A_1595,34.6479
A_1596,42.1903
A_1597,30.5359
A_1598,27.2353
A_1599,36.0082
A_1600,45.4688
A_1601,39.1146
A_1602,20.9512
A_1603,28.3844
A_1604,55.9602
A_1605,61.9353
A_1606,29.2213
A_1607,27.6868
A_1608,51.4755
A_1609,32.1727
A_1610,37.8887
A_1611,43.3774
A_1612,34.4873
A_1613,44.4141
A_1614,62.1106
A_1615,40.268
A_1616,33.2295
A_1617,23.7199
A_1618,47.3735
A_1619,72.3572
A_1620,33.0286
A_1621,27.9265
A_1622,57.9115
A_1623,48.8778
A_1624,26.6473
A_1625,40.572
A_1626,33.6532
A_1627,36.4133
A_1628,47.5534
A_1629,49.359
A_1630,38.5785
A_1631,29.4919
A_1632,33.7611
A_1633,64.0111
A_1634,32.438
A_1635,24.1431
A_1636,44.5717
A_1637,53.0197
A_1638,27.9344
A_1639,29.5799
A_1640,64.7218
A_1641,33.6747
A_1642,41.332
A_1643,36.6659
A_1644,31.5939
A_1645,29.2546
A_1646,33.8005
A_1647,51.3154
A_1648,38.9663
A_1649,25.4884
A_1650,48.0923
A_1651,57.3795
A_1652,26.5806
A_1653,29.6051
A_1654,57.7513
A_1655,40.568
A_1656,22.0026
A_1657,36.7071
A_1658,30.9209
A_1659,41.5854
A_1660,57.1434
A_1661,45.3652
A_1662,35.7477
A_1663,33.2381
A_1664,39.4316
A_1665,52.3485
A_1666,26.7376
A_1667,25.7244
A_1668,45.3916
A_1669,43.6315
A_1670,22.9377
A_1671,31.2754
A_1672,63.8331
A_1673,38.161
A_1674,48.8446
A_1675,33.1974
A_1676,29.0731
A_1677,33.232
A_1678,40.0179
A_1679,46.9211
A_1680,35.9325
A_1681,30.9702
A_1682,66.8986
A_1683,54.6769
A_1684,29.0909
A_1685,22.0618
A_1686,41.4571
A_1687,59.8722
A_1688,29.9425
A_1689,53.3838
A_1690,40.2595
A_1691,30.3603
A_1692,35.4298
A_1693,33.748
A_1694,29.5739
A_1695,31.2874
A_1696,37.5804
A_1697,46.8418
A_1698,25.3227
A_1699,26.3439
A_1700,55.1977
A_1701,76.4337
A_1702,35.5054
A_1703,25.7886
A_1704,50.4571
A_1705,28.2117
A_1706,31.8921
A_1707,46.8798
A_1708,37.0379
A_1709,38.7546
A_1710,51.4167
A_1711,43.4879
A_1712,35.6091
A_1713,50.3413
A_1714,27.1113
A_1715,28.5178
A_1716,60.2695
A_1717,54.6074
A_1718,27.7512
A_1719,20.4677
A_1720,38.232
A_1721,32.5845
A_1722,39.1973
A_1723,60.2935
A_1724,43.5257
A_1725,33.7703
A_1726,42.1007
A_1727,36.9682
A_1728,31.5867
A_1729,26.0884
A_1730,52.9537
A_1731,45.5167
A_1732,25.1417
A_1733,25.5751
A_1734,48.7622
A_1735,72.222
A_1736,34.8176
A_1737,49.2563
A_1738,37.9628
A_1739,28.5853
A_1740,32.6921
A_1741,45.2824
A_1742,36.3818
A_1743,39.8814
A_1744,54.7124
A_1745,65.7675
A_1746,29.6059
A_1747,27.9335
A_1748,53.5419
A_1749,44.8768
A_1750,24.0948
A_1751,32.5042
A_1752,64.8784
A_1753,39.1379
A_1754,51.9239
A_1755,33.914
A_1756,29.271
A_1757,31.6371
A_1758,36.8166
A_1759,41.6301
A_1760,33.7554
A_1761,26.3698
A_1762,47.5986
A_1763,55.7916
A_1764,27.5563
A_1765,32.4403
A_1766,69.0022
A_1767,45.9958
A_1768,23.5045
A_1769,33.1137
A_1770,29.151
A_1771,37.8989
A_1772,47.7917
A_1773,45.8344
A_1774,35.74
A_1775,33.1675
A_1776,39.5617
A_1777,23.52
A_1778,43.8255
A_1779,63.2458
A_1780,31.7523
A_1781,28.8015
A_1782,63.8282
A_1783,52.2534
A_1784,27.2805
A_1785,38.1039
A_1786,32.5646
A_1787,34.834
A_1788,43.223
A_1789,53.6333
A_1790,40.2776
A_1791,30.2921
A_1792,35.3916
A_1793,68.8157
A_1794,32.6496
A_1795,23.7433
A_1796,46.1096
A_1797,47.684
A_1798,26.5708
A_1799,27.785
A_1800,55.7988
A_1801,33.9743
A_1802,42.8145
A_1803,37.3323
A_1804,31.7063
A_1805,27.8254
A_1806,31.1828
A_1807,45.1612
A_1808,36.2728
A_1809,28.8638
A_1810,56.0176
A_1811,39.4886
A_1812,21.4591
A_1813,28.1372
A_1814,51.6242
A_1815,61.8287
A_1816,29.733
A_1817,40.7907
A_1818,33.0171
A_1819,30.9668
A_1820,36.0102
A_1821,38.0899
A_1822,31.9043
A_1823,42.6084
A_1824,58.4792
A_1825,46.3281
A_1826,24.1227
A_1827,32.9932
A_1828,68.6305
A_1829,50.1174
A_1830,24.4992
A_1831,23.8043
A_1832,43.3858
A_1833,36.5318
A_1834,45.4103
A_1835,54.7384
A_1836,40.0314
A_1837,38.1141
A_1838,49.351
A_1839,32.9329
A_1840,28.7771
A_1841,41.0476
A_1842,21.7219
A_1843,29.5677
A_1844,59.4476
A_1845,66.4474
A_1846,30.5606
A_1847,28.7454
A_1848,54.2813
A_1849,30.7919
A_1850,35.5171
A_1851,39.8663
A_1852,32.7302
A_1853,41.8791
A_1854,56.1429
A_1855,37.4244
A_1856,31.6812
A_1857,36.1693
A_1858,77.8875
A_1859,51.3798
A_1860,26.3025
A_1861,25.7937
A_1862,47.6377
A_1863,56.2939
A_1864,26.9094
A_1865,49.1828
A_1866,37.3746
A_1867,34.4509
A_1868,41.7813
A_1869,30.3266
A_1870,27.121
A_1871,35.7785
A_1872,44.9446
A_1873,60.1904
A_1874,31.0583
A_1875,23.2095
A_1876,42.3912
A_1877,50.1798
A_1878,26.8071
A_1879,28.1671
A_1880,60.222
A_1881,35.39
A_1882,44.8454
A_1883,39.0067
A_1884,32.9297
A_1885,30.5779
A_1886,36.2115
A_1887,56.6128
A_1888,41.214
A_1889,21.7746
A_1890,42.003
A_1891,61.8105
A_1892,29.9174
A_1893,25.4844
A_1894,50.5427
A_1895,43.9464
A_1896,24.6572
A_1897,40.8435
A_1898,33.7542
A_1899,36.5726
A_1900,48.0801
A_1901,49.8433
A_1902,38.7497
A_1903,29.5417
A_1904,33.8984
A_1905,60.0132
A_1906,29.2886
A_1907,27.7925
A_1908,50.5053
A_1909,49.2251
A_1910,24.9714
A_1911,34.5227
A_1912,74.7844
A_1913,38.0233
A_1914,48.4462
A_1915,33.0941
A_1916,29.0392
A_1917,33.1543
A_1918,39.8006
A_1919,46.4935
A_1920,35.8073
A_1921,26.5791
A_1922,50.8808
A_1923,61.7796
A_1924,27.9403
A_1925,30.9459
A_1926,61.5127
A_1927,42.7024
A_1928,22.9019
A_1929,34.2966
A_1930,29.5964
A_1931,39.3529
A_1932,51.9058
A_1933,41.8727
A_1934,34.0378
A_1935,31.9055
A_1936,37.1005
A_1937,42.2516
A_1938,23.5178
A_1939,24.1409
A_1940,48.3547
A_1941,65.5762
A_1942,32.3164
A_1943,23.804
A_1944,44.9351
A_1945,28.3458
A_1946,32.1428
A_1947,47.4974
A_1948,37.3055
A_1949,39.0728
A_1950,52.245
A_1951,43.9684
A_1952,35.8379
A_1953,29.6355
A_1954,62.4967
A_1955,51.9278
A_1956,28.0351
A_1957,21.2849
A_1958,39.5489
A_1959,56.4618
A_1960,28.7628
A_1961,59.113
A_1962,42.7166
A_1963,31.8489
A_1964,38.1332
A_1965,36.0104
A_1966,30.9041
A_1967,32.9729
A_1968,40.9051
A_1969,26.688
A_1970,54.44
A_1971,46.5493
A_1972,25.6372
A_1973,26.1178
A_1974,49.9842
A_1975,74.4144
A_1976,35.598
A_1977,43.7585
A_1978,35.2955
A_1979,26.9359
A_1980,29.942
A_1981,40.8714
A_1982,34.0447
A_1983,36.7907
A_1984,47.5724
A_1985,54.9975
A_1986,28.8644
A_1987,30.7347
A_1988,67.7719
A_1989,60.3989
A_1990,29.7103
A_1991,21.7435
A_1992,41.4354
A_1993,31.8335
A_1994,37.7656
A_1995,57.0874
A_1996,42.2217
A_1997,32.9113
A_1998,40.3111
A_1999,35.7871
A_2000,30.9218
A_2001,25.9714
A_2002,46.7392
A_2003,54.5414
A_2004,27.0716
A_2005,31.8484
A_2006,67.274
A_2007,45.0509
A_2008,23.1008
A_2009,36.3697
A_2010,31.0696
A_2011,40.934
A_2012,54.1118
A_2013,53.0121
A_2014,38.8958
A_2015,35.5674
A_2016,44.0345
A_2017,58.7852
A_2018,27.5965
A_2019,26.3414
A_2020,49.2137
A_2021,41.6115
A_2022,22.805
A_2023,30.5146
A_2024,58.9562
A_2025,40.4864
A_2026,55.1082
A_2027,35.3541
A_2028,30.0616
A_2029,32.4368
A_2030,38.2185
A_2031,43.7356
A_2032,34.7824
A_2033,42.9298
A_2034,58.7231
A_2035,38.557
A_2036,32.2705
A_2037,31.3124
A_2038,36.45
A_2039,41.283
A_2040,33.4058
A_2041,58.8243
A_2042,28.2351
A_2043,26.8969
A_2044,49.4775
A_2045,37.7151
A_2046,20.3669
A_2047,27.5068
A_2048,53.5114
A_2049,32.2563
A_2050,28.3522
A_2051,37.5121
A_2052,48.1943
A_2053,53.2675
A_2054,39.3444
A_2055,35.9968
A_2056,44.4636
A_2057,24.969
A_2058,44.8285
A_2059,51.8646
A_2060,25.8678
A_2061,34.4055
A_2062,70.3318
A_2063,47.9099
A_2064,25.3811
A_2065,29.2087
A_2066,33.8523
A_2067,52.0075
A_2068,39.1174
A_2069,33.7099
A_2070,41.6205
A_2071,36.7796
A_2072,31.5897
A_2073,53.6205
A_2074,27.8621
A_2075,29.5291
A_2076,65.9981
A_2077,65.0657
A_2078,32.4499
A_2079,24.0123
A_2080,44.8899
A_2081,47.8293
A_2082,37.8747
A_2083,29.0941
A_2084,33.0556
A_2085,39.5397
A_2086,33.124
A_2087,35.7018
A_2088,45.8607
A_2089,27.4779
A_2090,55.8974
A_2091,47.6285
A_2092,26.2987
A_2093,23.4139
A_2094,46.0181
A_2095,69.2539
A_2096,32.3814
A_2097,59.5502
A_2098,42.6664
A_2099,31.6432
A_2100,37.9625
A_2101,40.5954
A_2102,33.9356
A_2103,36.6233
A_2104,47.0619
A_2105,27.3337
A_2106,59.5885
A_2107,49.5278
A_2108,26.098
A_2109,22.5162
A_2110,41.6893
A_2111,59.6484
A_2112,30.3388
A_2113,29.6976
A_2114,34.1976
A_2115,50.5716
A_2116,39.0568
A_2117,36.8798
A_2118,48.894
A_2119,41.3102
A_2120,33.9745
A_2121,46.5772
A_2122,26.2792
A_2123,27.4086
A_2124,54.0427
A_2125,66.1413
A_2126,32.0932
A_2127,23.4969
A_2128,44.9241
A_2129,34.8434
A_2130,29.9946
A_2131,39.7544
A_2132,52.4074
A_2133,36.8921
A_2134,30.8834
A_2135,29.24
A_2136,33.2378
A_2137,28.7172
A_2138,53.8779
A_2139,65.6719
A_2140,30.5062
A_2141,29.5285
A_2142,58.9006
A_2143,40.8558
A_2144,21.7562
A_2145,36.5879
A_2146,46.0735
A_2147,31.3822
A_2148,27.8787
A_2149,35.205
A_2150,42.8122
A_2151,50.4227
A_2152,38.2475
A_2153,54.2393
A_2154,25.9441
A_2155,24.9926
A_2156,46.1782
A_2157,49.671
A_2158,25.427
A_2159,34.9956
A_2160,75.0292
A_2161,43.1836
A_2162,35.2244
A_2163,38.3793
A_2164,51.3885
A_2165,46.6693
A_2166,36.6538
A_2167,27.6975
A_2168,31.2566
A_2169,24.7224
A_2170,46.6688
A_2171,68.3455
A_2172,33.5336
A_2173,25.1459
A_2174,50.3981
A_2175,43.7546
A_2176,24.3633
A_2177,35.1312
A_2178,44.5864
A_2179,38.7334
A_2180,32.6909
A_2181,33.8041
A_2182,41.2645
A_2183,63.95
A_2184,45.2503
A_2185,57.2953
A_2186,28.9332
A_2187,21.3474
A_2188,39.928
A_2189,52.5751
A_2190,28.1826
A_2191,29.8355
A_2192,63.6153
A_2193,46.1164
A_2194,35.6971
A_2195,33.0867
A_2196,39.6086
A_2197,33.0047
A_2198,29.0113
A_2199,37.9012
A_2200,48.0924
A_2201,32.3221
A_2202,70.1941
A_2203,46.2261
A_2204,23.2433
A_2205,26.1777
A_2206,47.8416
A_2207,56.3738
A_2208,27.3514
A_2209,31.1013
A_2210,35.8883
A_2211,40.2555
A_2212,33.0703
A_2213,38.2346
A_2214,49.8561
A_2215,32.9749
A_2216,28.7472
A_2217,43.6301
A_2218,23.7087
A_2219,31.8207
A_2220,62.4106
A_2221,62.8279
A_2222,28.9383
A_2223,27.4203
A_2224,51.8128
A_2225,34.165
A_2226,41.7563
A_2227,49.7203
A_2228,37.1585
A_2229,39.3414
A_2230,51.3107
A_2231,34.4597
A_2232,29.8191
A_2233,45.4131
A_2234,23.5426
A_2235,32.2829
A_2236,67.3502
A_2237,54.8066
A_2238,27.5141
A_2239,26.3549
A_2240,47.0405
A_2241,45.6763
A_2242,36.0899
A_2243,33.5588
A_2244,39.783
A_2245,37.162
A_2246,31.3015
A_2247,41.8642
A_2248,57.1708
A_2249,30.0219
A_2250,57.7591
A_2251,40.8801
A_2252,22.4507
A_2253,25.9264
A_2254,48.2921
A_2255,57.3984
A_2256,27.0868
A_2257,37.5823
A_2258,49.1331
A_2259,41.9297
A_2260,34.6734
A_2261,27.4402
A_2262,30.7147
A_2263,45.0233
A_2264,35.9967
A_2265,73.2114
A_2266,34.3276
A_2267,24.9516
A_2268,48.6456
A_2269,45.3103
A_2270,24.5583
A_2271,25.4192
A_2272,52.9933
A_2273,35.5433
A_2274,30.7007
A_2275,32.6752
A_2276,40.089
A_2277,57.2313
A_2278,42.0947
A_2279,31.6045
A_2280,37.5262
A_2281,23.0297
A_2282,43.6707
A_2283,63.7602
A_2284,31.3537
A_2285,32.5695
A_2286,71.957
A_2287,57.7972
A_2288,30.3524
A_2289,53.5339
A_2290,27.6488
A_2291,29.2826
A_2292,66.0393
A_2293,65.0902
A_2294,32.2467
A_2295,23.7947
A_2296,44.7413
A_2297,30.6982
A_2298,36.1404
A_2299,55.2908
A_2300,40.9786
A_2301,35.3652
A_2302,44.3204
A_2303,38.8324
A_2304,32.9762
A_2305,28.1893
A_2306,57.337
A_2307,48.6672
A_2308,26.8908
A_2309,24.0397
A_2310,47.1786
A_2311,71.1149
A_2312,33.2022
A_2313,46.2774
A_2314,36.8192
A_2315,28.1532
A_2316,31.7319
A_2317,38.1082
A_2318,32.1285
A_2319,34.5271
A_2320,44.0326
A_2321,61.1845
A_2322,29.466
A_2323,27.919
A_2324,51.186
A_2325,39.1504
A_2326,21.2777
A_2327,28.6237
A_2328,55.4946
A_2329,42.2747
A_2330,57.8023
A_2331,37.6935
A_2332,31.6641
A_2333,30.7484
A_2334,35.6686
A_2335,40.3193
A_2336,32.7503
A_2337,23.6121
A_2338,43.0208
A_2339,49.6094
A_2340,24.2695
A_2341,32.7065
A_2342,67.9139
A_2343,45.9027
A_2344,23.9134
A_2345,32.5957
A_2346,28.5613
A_2347,37.8215
A_2348,48.8087
A_2349,54.0579
A_2350,39.6998
A_2351,36.2702
A_2352,44.9614
A_2353,28.4245
A_2354,53.2556
A_2355,64.7218
A_2356,30.1437
A_2357,29.2045
A_2358,58.1457
A_2359,40.3865
A_2360,21.5167
A_2361,36.7956
A_2362,31.3339
A_2363,41.3011
A_2364,54.8242
A_2365,39.0962
A_2366,32.3369
A_2367,30.4818
A_2368,34.9898
A_2369,55.0217
A_2370,26.5791
A_2371,25.5307
A_2372,46.8301
A_2373,50.3835
A_2374,26.0096
A_2375,35.6444
A_2376,75.7441
A_2377,35.3307
A_2378,44.0283
A_2379,29.8793
A_2380,26.8513
A_2381,34.0585
A_2382,41.0436
A_2383,47.9995
A_2384,36.8561
A_2385,28.5047
A_2386,61.247
A_2387,50.8385
A_2388,27.0784
A_2389,23.4361
A_2390,42.9019
A_2391,61.067
A_2392,31.3874
A_2393,57.6757
A_2394,41.6871
A_2395,30.889
A_2396,36.7547
A_2397,39.5136
A_2398,33.2319
A_2399,35.7702
A_2400,45.5873
A_2401,44.4576
A_2402,24.8889
A_2403,25.7638
A_2404,51.2745
A_2405,62.8158
A_2406,30.2612
A_2407,22.0052
A_2408,42.5566
A_2409,29.8152
A_2410,34.3407
A_2411,50.621
A_2412,39.1477
A_2413,36.9926
A_2414,48.9685
A_2415,41.4203
A_2416,34.0818
A_2417,34.2514
A_2418,73.5685
A_2419,48.6811
A_2420,24.8322
A_2421,27.6413
A_2422,50.0097
A_2423,59.2161
A_2424,29.0941
A_2425,45.8605
A_2426,35.5363
A_2427,32.9511
A_2428,39.411
A_2429,32.824
A_2430,28.884
A_2431,37.7564
A_2432,47.8749
A_2433,42.3122
A_2434,22.7929
A_2435,30.7401
A_2436,60.7223
A_2437,60.8475
A_2438,27.745
A_2439,26.4289
A_2440,50.3325
A_2441,31.7311
A_2442,36.7934
A_2443,41.4137
A_2444,33.813
A_2445,39.0532
A_2446,51.2095
A_2447,33.987
A_2448,29.4271
A_2449,24.1718
A_2450,45.8662
A_2451,67.3058
A_2452,32.8805
A_2453,24.5462
A_2454,49.4867
A_2455,43.0376
A_2456,23.8544
A_2457,44.9418
A_2458,36.3739
A_2459,39.7695
A_2460,53.7795
A_2461,48.6956
A_2462,37.9122
A_2463,28.752
A_2464,32.8019
A_2465,57.8083
A_2466,29.24
A_2467,21.6026
A_2468,40.3122
A_2469,53.019
A_2470,28.4632
A_2471,30.1739
A_2472,64.2226
A_2473,33.5327
A_2474,41.9981
A_2475,36.757
A_2476,31.349
A_2477,32.3451
A_2478,39.0231
A_2479,60.9064
A_2480,43.489
A_2481,74.4369
A_2482,35.5214
A_2483,26.0361
A_2484,49.9297
A_2485,46.4922
A_2486,25.5611
A_2487,26.5999
A_2488,54.3922
A_2489,36.7205
A_2490,47.496
A_2491,40.7953
A_2492,33.981
A_2493,26.8649
A_2494,29.8474
A_2495,43.6808
A_2496,35.2285
A_2497,21.6588
A_2498,41.363
A_2499,60.37
A_2500,29.6266
A_2501,30.6445
A_2502,67.7681
A_2503,54.9562
A_2504,28.7864
A_2505,35.7046
A_2506,30.8563
A_2507,32.838
A_2508,40.2195
A_2509,57.0436
A_2510,42.162
A_2511,31.7643
A_2512,37.6783
A_2513,43.5916
A_2514,22.538
A_2515,30.9765
A_2516,64.5034
A_2517,52.5711
A_2518,26.3765
A_2519,25.4017
A_2520,45.3983
A_2521,34.7355
A_2522,42.5095
A_2523,50.5747
A_2524,37.8111
A_2525,39.908
A_2526,52.0067
A_2527,35.2256
A_2528,30.3851
A_2529,29.7657
A_2530,56.9161
A_2531,40.4315
A_2532,22.3001
A_2533,25.7302
A_2534,47.6846
A_2535,56.4291
A_2536,26.8394
A_2537,42.0531
A_2538,33.9093
A_2539,31.7414
A_2540,37.0591
A_2541,34.13
A_2542,29.3531
A_2543,39.3925
A_2544,52.6935
A_2545,42.3629
A_2546,33.9221
A_2547,31.7118
A_2548,37.1607
A_2549,39.4194
A_2550,32.7216
A_2551,43.7082
A_2552,60.6502
A_2553,27.8882
A_2554,54.877
A_2555,38.416
A_2556,20.5756
A_2557,27.2361
A_2558,50.5698
A_2559,60.5969
A_2560,28.6694
A_2561,36.5269
A_2562,45.5242
A_2563,55.0705
A_2564,40.063
A_2565,38.1241
A_2566,49.5454
A_2567,32.8828
A_2568,28.7094
A_2569,48.9951
A_2570,25.7007
A_2571,34.9824
A_2572,72.5933
A_2573,53.2295
A_2574,26.2262
A_2575,25.257
A_2576,45.7179
A_2577,36.4435
A_2578,31.3732
A_2579,33.4463
A_2580,41.1602
A_2581,51.4005
A_2582,38.8056
A_2583,28.9822
A_2584,33.4888
A_2585,23.8115
A_2586,44.4956
A_2587,64.4248
A_2588,32.1785
A_2589,29.2414
A_2590,65.2333
A_2591,53.1267
A_2592,27.6303
A_2593,35.411
A_2594,45.3177
A_2595,39.1595
A_2596,32.8893
A_2597,28.8893
A_2598,32.7448
A_2599,47.3505
A_2600,37.6021
A_2601,68.4997
A_2602,32.0894
A_2603,23.2023
A_2604,45.5797
A_2605,47.2329
A_2606,26.0946
A_2607,27.2314
A_2608,55.335
A_2609,36.1404
A_2610,46.0198
A_2611,39.9226
A_2612,33.5651
A_2613,31.2734
A_2614,37.258
A_2615,57.9475
A_2616,42.0282
A_2617,58.3851
A_2618,29.9718
A_2619,22.3045
A_2620,41.0337
A_2621,48.6297
A_2622,25.8196
A_2623,26.9795
A_2624,58.1175
A_2625,40.5574
A_2626,33.5799
A_2627,36.3556
A_2628,47.6645
A_2629,49.4826
A_2630,38.5479
A_2631,29.3891
A_2632,33.6641
A_2633,23.2592
A_2634,44.1447
A_2635,64.5568
A_2636,31.6713
A_2637,27.0925
A_2638,52.9498
A_2639,45.8524
A_2640,26.0248
A_2641,29.5015
A_2642,33.6506
A_2643,37.4636
A_2644,31.2042
A_2645,40.181
A_2646,53.2856
A_2647,35.3234
A_2648,30.2828
A_2649,41.3671
A_2650,21.9778
A_2651,29.8536
A_2652,59.7957
A_2653,66.8267
A_2654,30.8736
A_2655,29.0085
A_2656,54.6004
A_2657,51.3095
A_2658,38.672
A_2659,35.5365
A_2660,43.3931
A_2661,31.7889
A_2662,28.1363
A_2663,36.9605
A_2664,46.7785
A_2665,35.4133
A_2666,76.3844
A_2667,50.3697
A_2668,25.7002
A_2669,25.2409
A_2670,46.7585
A_2671,55.1075
A_2672,26.2478
A_2673,27.5499
A_2674,30.9998
A_2675,46.1024
A_2676,36.3933
A_2677,38.074
A_2678,50.639
A_2679,42.736
A_2680,34.9985
A_2681,43.3731
A_2682,24.247
A_2683,25.0018
A_2684,49.8176
A_2685,67.3779
A_2686,33.2916
A_2687,24.5936
A_2688,46.205
A_2689,62.9324
A_2690,44.8627
A_2691,33.5859
A_2692,40.8281
A_2693,38.3789
A_2694,32.4994
A_2695,34.8794
A_2696,44.0306
A_2697,29.6253
A_2698,62.6882
A_2699,52.0211
A_2700,28.0216
A_2701,21.2526
A_2702,39.5795
A_2703,56.5932
A_2704,28.7506
A_2705,38.503
A_2706,49.2625
A_2707,33.6606
A_2708,29.4178
A_2709,33.578
A_2710,40.4714
A_2711,47.436
A_2712,36.3269
A_2713,57.8271
A_2714,27.8323
A_2715,26.5668
A_2716,48.7978
A_2717,47.2796
A_2718,23.6286
A_2719,32.9323
A_2720,72.2964
A_2721,33.6908
A_2722,29.1756
A_2723,38.8858
A_2724,51.2118
A_2725,41.2224
A_2726,33.5944
A_2727,31.5235
A_2728,36.5728
A_2729,27.8503
A_2730,52.9398
A_2731,64.6439
A_2732,29.4809
A_2733,32.3523
A_2734,63.9433
A_2735,44.4867
A_2736,24.0613
A_2737,34.3686
A_2738,29.749
A_2739,39.2783
A_2740,51.25
A_2741,49.6419
A_2742,37.0835
A_2743,34.0972
A_2744,41.675
A_2745,26.2814
A_2746,46.9861
A_2747,54.7616
A_2748,27.4296
A_2749,32.2006
A_2750,67.3451
A_2751,45.3473
A_2752,23.4577
A_2753,41.8021
A_2754,57.1253
A_2755,37.0699
A_2756,31.2297
A_2757,33.4966
A_2758,39.7082
A_2759,45.599
A_2760,36.0214
A_2761,57.3574
A_2762,26.9951
A_2763,25.8476
A_2764,48.2361
A_2765,40.8121
A_2766,22.372
A_2767,29.9443
A_2768,57.7249
A_2769,43.4122
A_2770,35.1366
A_2771,26.8555
A_2772,29.7989
A_2773,40.5969
A_2774,33.9076
A_2775,36.6038
A_2776,47.1188
A_2777,24.7419
A_2778,50.9979
A_2779,43.9659
A_2780,24.0019
A_2781,24.3406
A_2782,47.032
A_2783,70.082
A_2784,33.3747
A_2785,30.8807
A_2786,36.2764
A_2787,54.8303
A_2788,40.9899
A_2789,31.8639
A_2790,38.5798
A_2791,34.4811
A_2792,30.048
A_2793,55.8552
A_2794,29.6219
A_2795,31.6335
A_2796,68.7383
A_2797,61.3157
A_2798,30.5325
A_2799,22.4899
A_2800,42.3306
A_2801,33.7674
A_2802,40.4712
A_2803,47.0592
A_2804,36.463
A_2805,34.995
A_2806,43.3086
A_2807,29.5678
A_2808,26.6717
A_2809,49.5753
A_2810,25.8187
A_2811,35.2516
A_2812,73.925
A_2813,53.9799
A_2814,26.3617
A_2815,25.3611
A_2816,46.1816
A_2817,39.8378
A_2818,32.6008
A_2819,30.657
A_2820,35.412
A_2821,37.3471
A_2822,31.5477
A_2823,41.8937
A_2824,56.576
A_2825,29.3805
A_2826,59.9345
A_2827,41.0479
A_2828,21.4572
A_2829,28.5623
A_2830,54.5847
A_2831,67.2423
A_2832,30.3716
A_2833,39.076
A_2834,53.366
A_2835,44.2741
A_2836,35.7116
A_2837,31.1967
A_2838,36.5671
A_2839,54.4125
A_2840,41.0997
A_2841,67.6334
A_2842,32.0089
A_2843,23.2234
A_2844,45.2771
A_2845,46.9426
A_2846,26.0877
A_2847,27.2109
A_2848,54.8209
A_2849,38.4133
A_2850,32.563
A_2851,34.9357
A_2852,44.0018
A_2853,55.4518
A_2854,40.6643
A_2855,30.1956
A_2856,35.569
A_2857,22.9156
A_2858,41.801
A_2859,59.2351
A_2860,30.6553
A_2861,27.7469
A_2862,59.1094
A_2863,49.4405
A_2864,26.4654
A_2865,39.6989
A_2866,33.0786
A_2867,35.7202
A_2868,46.374
A_2869,48.3482
A_2870,37.9472
A_2871,28.9647
A_2872,32.9928
A_2873,24.8819
A_2874,49.1352
A_2875,74.7305
A_2876,34.429
A_2877,29.1965
A_2878,59.9339
A_2879,50.4283
A_2880,27.7135
A_2881,33.9582
A_2882,41.7646
A_2883,37.0084
A_2884,31.8356
A_2885,29.518
A_2886,34.1881
A_2887,51.804
A_2888,39.2731
A_2889,61.4397
A_2890,30.8583
A_2891,22.8188
A_2892,42.6144
A_2893,50.797
A_2894,26.4936
A_2895,27.8391
A_2896,61.6944
A_2897,53.003
A_2898,39.5009
A_2899,36.1893
A_2900,44.5158
A_2901,32.6082
A_2902,28.6611
A_2903,37.6915
A_2904,48.1332
A_2905,32.714
A_2906,66.3049
A_2907,45.4512
A_2908,24.1267
A_2909,23.8159
A_2910,42.7078
A_2911,48.9486
A_2912,24.4926
A_2913,31.2287
A_2914,36.496
A_2915,41.5505
A_2916,33.362
A_2917,43.1615
A_2918,59.9234
A_2919,38.6875
A_2920,32.2028
A_2921,40.0133
A_2922,21.5862
A_2923,29.1287
A_2924,57.0937
A_2925,63.2481
A_2926,30.0391
A_2927,28.3697
A_2928,52.4727
A_2929,56.0507
A_2930,41.8027
A_2931,31.6051
A_2932,37.3212
A_2933,35.4221
A_2934,30.7206
A_2935,32.6486
A_2936,39.7536
A_2937,30.463
A_2938,66.3738
A_2939,54.2037
A_2940,28.6623
A_2941,21.6373
A_2942,40.9564
A_2943,59.3697
A_2944,29.4779
A_2945,27.0441
A_2946,30.2204
A_2947,44.8386
A_2948,35.6991
A_2949,37.2896
A_2950,49.0693
A_2951,41.6828
A_2952,34.3766
A_2953,47.5554
A_2954,25.7121
A_2955,26.8137
A_2956,56.2057
A_2957,77.8418
A_2958,36.0778
A_2959,26.2144
A_2960,51.2937
A_2961,36.7643
A_2962,30.9312
A_2963,41.6581
A_2964,57.4212
A_2965,45.5027
A_2966,35.7836
A_2967,33.2574
A_2968,39.4992
A_2969,27.1411
A_2970,50.7236
A_2971,60.9718
A_2972,28.5699
A_2973,31.4282
A_2974,60.8329
A_2975,42.8619
A_2976,23.5137
A_2977,39.1388
A_2978,50.4871
A_2979,34.3683
A_2980,29.8592
A_2981,34.104
A_2982,41.3872
A_2983,48.8315
A_2984,36.9983
A_2985,51.1436
A_2986,25.8389
A_2987,24.9573
A_2988,44.4069
A_2989,42.5158
A_2990,22.0957
A_2991,30.3128
A_2992,62.5339
A_2993,39.9498
A_2994,53.1215
A_2995,34.9736
A_2996,30.0066
A_2997,32.3035
A_2998,37.7364
A_2999,42.762
A_3000,34.5286
A_3001,63.2971
A_3002,28.439
A_3003,26.9788
A_3004,51.8405
A_3005,43.4464
A_3006,23.238
A_3007,31.4282
A_3008,62.7944
A_3009,30.8143
A_3010,27.5639
A_3011,35.9761
A_3012,44.72
A_3013,42.2978
A_3014,33.6455
A_3015,31.4283
A_3016,36.9303
A_3017,26.2977
A_3018,47.322
A_3019,55.3479
A_3020,27.4631
A_3021,32.3021
A_3022,68.3201
A_3023,45.6984
A_3024,23.4436
A_3025,32.0396
A_3026,38.3075
A_3027,58.8259
A_3028,42.7878
A_3029,33.1666
A_3030,41.0467
A_3031,36.1991
A_3032,31.0904
A_3033,51.8527
A_3034,28.2624
A_3035,29.8851
A_3036,62.1552
A_3037,56.2868
A_3038,29.0012
A_3039,21.5674
A_3040,39.6728
A_3041,49.6365
A_3042,38.2743
A_3043,28.9005
A_3044,33.1221
A_3045,45.6495
A_3046,36.676
A_3047,40.2115
A_3048,55.0909
A_3049,24.6339
A_3050,50.3838
A_3051,43.5815
A_3052,23.9173
A_3053,24.2456
A_3054,46.554
A_3055,68.9875
A_3056,33.154
A_3057,27.1186
A_3058,54.1194
A_3059,46.5207
A_3060,26.0217
A_3061,23.1856
A_3062,44.8316
A_3063,66.5133
A_3064,31.8397
A_3065,50.5794
A_3066,38.9082
A_3067,29.468
A_3068,33.9339
A_3069,41.1441
A_3070,33.777
A_3071,36.6834
A_3072,48.8604
A_3073,47.7224
A_3074,25.5734
A_3075,26.663
A_3076,56.6216
A_3077,57.0889
A_3078,29.6314
A_3079,22.1288
A_3080,40.3855
A_3081,30.9259
A_3082,36.5794
A_3083,56.3269
A_3084,41.3934
A_3085,35.6719
A_3086,44.9861
A_3087,39.2621
A_3088,33.2097
A_3089,24.6143
A_3090,45.3523
A_3091,53.0286
A_3092,25.4844
A_3093,34.3841
A_3094,73.1932
A_3095,48.6858
A_3096,25.0119
A_3097,30.781
A_3098,27.4904
A_3099,36.0431
A_3100,45.0748
A_3101,49.1818
A_3102,37.6307
A_3103,34.7178
A_3104,41.9812
A_3105,71.9418
A_3106,32.6307
A_3107,30.4061
A_3108,57.8181
A_3109,43.7172
A_3110,23.0889
A_3111,31.411
A_3112,63.7688
A_3113,42.1367
A_3114,57.2592
A_3115,37.5886
A_3116,31.6542
A_3117,30.7476
A_3118,35.6024
A_3119,40.1543
A_3120,32.7278
A_3121,50.0879
A_3122,24.9843
A_3123,24.2273
A_3124,43.5241
A_3125,46.4042
A_3126,24.5747
A_3127,33.3425
A_3128,67.9367
A_3129,36.4667
A_3130,46.3451
A_3131,31.0367
A_3132,27.5517
A_3133,35.0554
A_3134,42.9093
A_3135,50.9933
A_3136,38.17
A_3137,28.027
A_3138,52.2898
A_3139,63.2025
A_3140,29.6457
A_3141,28.7622
A_3142,56.9574
A_3143,39.6981
A_3144,21.2126
A_3145,40.9852
A_3146,33.6334
A_3147,45.0232
A_3148,63.4981
A_3149,44.255
A_3150,34.9421
A_3151,32.5356
A_3152,38.4922
A_3153,48.1715
A_3154,26.4311
A_3155,27.6511
A_3156,56.783
A_3157,70.6357
A_3158,32.6445
A_3159,23.5229
A_3160,46.6034
A_3161,29.2514
A_3162,33.3437
A_3163,48.4921
A_3164,38.1715
A_3165,35.9979
A_3166,46.5877
A_3167,39.9761
A_3168,33.3411
A_3169,29.2582
A_3170,63.2716
A_3171,52.1661
A_3172,27.6881
A_3173,23.9604
A_3174,43.9587
A_3175,62.79
A_3176,32.1066
A_3177,50.2987
A_3178,38.524
A_3179,29.0023
A_3180,33.3446
A_3181,36.213
A_3182,31.3343
A_3183,33.3416
A_3184,40.6593
A_3185,41.4553
A_3186,22.3795
A_3187,30.1652
A_3188,59.3033
A_3189,59.1849
A_3190,27.1475
A_3191,25.9449
A_3192,49.2478
A_3193,33.7782
A_3194,40.3497
A_3195,46.7224
A_3196,36.4312
A_3197,42.4432
A_3198,59.1092
A_3199,37.6894
A_3200,31.4753
A_3201,31.9039
A_3202,65.7364
A_3203,44.662
A_3204,23.3505
A_3205,26.1404
A_3206,46.3408
A_3207,53.7227
A_3208,27.2432
A_3209,48.5039
A_3210,36.6724
A_3211,33.8068
A_3212,41.0388
A_3213,33.9713
A_3214,29.5488
A_3215,38.8655
A_3216,50.2362
A_3217,59.2904
A_3218,29.8187
A_3219,22.011
A_3220,41.1908
A_3221,54.2282
A_3222,28.9839
A_3223,30.8245
A_3224,66.1098
A_3225,31.1587
A_3226,37.3054
A_3227,33.5684
A_3228,29.4758
A_3229,30.2486
A_3230,35.2107
A_3231,52.8455
A_3232,40.0422
A_3233,25.7042
A_3234,50.0423
A_3235,75.4588
A_3236,35.3144
A_3237,26.2468
A_3238,54.6559
A_3239,46.5127
A_3240,25.2483
A_3241,43.1745
A_3242,35.4571
A_3243,38.545
A_3244,50.8845
A_3245,46.4797
A_3246,36.8608
A_3247,28.1208
A_3248,31.7254
A_3249,20.0498
A_3250,37.2311
A_3251,52.8594
A_3252,27.1232
A_3253,27.8132
A_3254,58.0553
A_3255,48.9119
A_3256,26.5453
A_3257,35.941
A_3258,30.9688
A_3259,32.9955
A_3260,40.613
A_3261,57.8884
A_3262,42.4616
A_3263,31.8964
A_3264,37.9784
A_3265,69.4997
A_3266,33.963
A_3267,25.0243
A_3268,47.33
A_3269,44.3181
A_3270,24.64
A_3271,25.478
A_3272,51.1934
A_3273,38.8702
A_3274,52.4116
A_3275,43.853
A_3276,35.6094
A_3277,28.0057
A_3278,31.7405
A_3279,47.4814
A_3280,37.0856
A_3281,32.5049
A_3282,65.0708
A_3283,44.9334
A_3284,24.0697
A_3285,27.9189
A_3286,53.6504
A_3287,66.0014
A_3288,29.595
A_3289,41.6812
A_3290,33.7605
A_3291,31.6351
A_3292,36.8357
A_3293,33.9217
A_3294,29.2613
A_3295,39.164
A_3296,52.0495
A_3297,46.0635
A_3298,23.4758
A_3299,32.4408
A_3300,69.2475
A_3301,55.9251
A_3302,27.5394
A_3303,26.352
A_3304,47.6655
A_3305,33.1702
A_3306,39.5954
A_3307,45.9175
A_3308,35.7528
A_3309,37.9179
A_3310,47.8737
A_3311,33.117
A_3312,29.1419
A_3313,33.3999
A_3314,41.2951
A_3315,36.4492
A_3316,31.3044
A_3317,32.2633
A_3318,38.5611
A_3319,58.7933
A_3320,42.9413
A_3321,53.5538
A_3322,27.4915
A_3323,20.3439
A_3324,37.7169
A_3325,49.5058
A_3326,26.8818
A_3327,28.2196
A_3328,58.8892
A_3329,44.4824
A_3330,35.9955
A_3331,39.3492
A_3332,53.3226
A_3333,48.2265
A_3334,37.5132
A_3335,28.3397
A_3336,32.2463
A_3337,25.3635
A_3338,47.9355
A_3339,70.4347
A_3340,34.401
A_3341,25.8493
A_3342,51.9042
A_3343,44.8449
A_3344,24.9521
A_3345,31.5821
A_3346,36.7794
A_3347,41.6333
A_3348,33.7046
A_3349,39.1217
A_3350,52.055
A_3351,33.8453
A_3352,29.1968
A_3353,44.9076
A_3354,23.9931
A_3355,32.4421
A_3356,65.1473
A_3357,66.0981
A_3358,29.5147
A_3359,27.8475
A_3360,53.6625
A_3361,45.8879
A_3362,35.6997
A_3363,33.1184
A_3364,39.5458
A_3365,33.048
A_3366,29.0832
A_3367,37.8764
A_3368,47.8578
A_3369,32.3729
A_3370,69.36
A_3371,46.0403
A_3372,23.3925
A_3373,26.2832
A_3374,47.6516
A_3375,55.9505
A_3376,27.4617
A_3377,47.4853
A_3378,36.8644
A_3379,34.1336
A_3380,40.9031
A_3381,38.3054
A_3382,31.855
A_3383,42.9453
A_3384,60.0961
A_3385,30.5581
A_3386,60.0751
A_3387,41.9819
A_3388,22.69
A_3389,26.2921
A_3390,49.8762
A_3391,60.0879
A_3392,27.5695
A_3393,34.1854
A_3394,41.65
A_3395,49.3802
A_3396,37.1402
A_3397,39.2965
A_3398,50.9889
A_3399,34.4826
A_3400,29.8854
A_3401,45.2512
A_3402,23.6831
A_3403,32.332
A_3404,66.6402
A_3405,54.4397
A_3406,27.618
A_3407,26.4551
A_3408,46.8717
A_3409,33.5015
A_3410,29.4183
A_3411,31.0962
A_3412,37.2382
A_3413,52.8553
A_3414,40.0041
A_3415,30.1886
A_3416,35.1427
A_3417,21.9307
A_3418,41.1508
A_3419,59.3331
A_3420,29.7489
A_3421,30.7512
A_3422,66.2019
A_3423,54.2424
A_3424,28.9175
A_3425,38.5007
A_3426,50.8832
A_3427,43.1396
A_3428,35.4112
A_3429,28.0585
A_3430,31.6495
A_3431,46.4564
A_3432,36.8152
A_3433,75.6151
A_3434,35.2558
A_3435,25.6264
A_3436,50.0372
A_3437,46.4936
A_3438,25.1754
A_3439,26.1634
A_3440,54.6752
A_3441,31.1637
A_3442,27.6463
A_3443,36.5561
A_3444,46.4476
A_3445,51.0914
A_3446,38.2638
A_3447,35.1405
A_3448,43.0106
A_3449,24.3251
A_3450,43.607
A_3451,50.169
A_3452,25.0978
A_3453,33.4447
A_3454,67.9521
A_3455,46.4877
A_3456,24.6798
A_3457,45.0997
A_3458,63.5379
A_3459,41.097
A_3460,33.7237
A_3461,32.621
A_3462,38.5989
A_3463,44.3703
A_3464,35.0376
A_3465,63.2403
A_3466,29.7606
A_3467,28.1263
A_3468,52.3556
A_3469,39.7951
A_3470,21.3187
A_3471,28.8688
A_3472,57.0144
A_3473,47.8736
A_3474,37.802
A_3475,28.9571
A_3476,32.9072
A_3477,39.4631
A_3478,33.0131
A_3479,35.5976
A_3480,45.8759
A_3481,27.2913
A_3482,56.0829
A_3483,47.6623
A_3484,26.1312
A_3485,23.204
A_3486,46.0326
A_3487,69.742
A_3488,32.2329
A_3489,28.6907
A_3490,32.8688
A_3491,49.599
A_3492,38.1267
A_3493,32.9919
A_3494,40.0912
A_3495,35.7798
A_3496,31.0412
A_3497,51.5941
A_3498,27.3663
A_3499,28.8665
A_3500,62.4509
A_3501,62.0915
A_3502,31.7439
A_3503,23.6716
A_3504,43.477
A_3505,29.5598
A_3506,34.0544
A_3507,50.667
A_3508,38.9929
A_3509,36.7834
A_3510,48.9725
A_3511,41.2544
A_3512,33.8665
A_3513,46.5963
A_3514,26.1172
A_3515,27.2286
A_3516,54.187
A_3517,66.5357
A_3518,31.9479
A_3519,23.2954
A_3520,44.9225
A_3521,56.3986
A_3522,41.4775
A_3523,31.0201
A_3524,36.7023
A_3525,39.3625
A_3526,33.2917
A_3527,35.7628
A_3528,45.0931
A_3529,26.7823
A_3530,56.6863
A_3531,47.8009
A_3532,25.6757
A_3533,22.2304
A_3534,40.4772
A_3535,57.1429
A_3536,29.733
A_3537,35.6809
A_3538,44.4748
A_3539,30.3552
A_3540,27.2012
A_3541,34.3885
A_3542,41.4654
A_3543,48.4657
A_3544,37.2285
A_3545,52.3506
A_3546,25.1323
A_3547,24.3198
A_3548,44.8557
A_3549,48.1122
A_3550,24.6911
A_3551,33.9702
A_3552,72.2969
A_3553,37.0717
A_3554,31.3249
A_3555,41.7118
A_3556,56.4751
A_3557,39.5521
A_3558,32.3656
A_3559,30.4459
A_3560,35.1498
A_3561,30.0653
A_3562,57.1913
A_3563,71.0103
A_3564,32.2109
A_3565,31.0348
A_3566,63.0182
A_3567,43.2111
A_3568,22.7918
A_3569,27.3391
A_3570,52.5085
A_3571,64.2799
A_3572,28.8804
A_3573,31.8376
A_3574,63.6238
A_3575,44.0014
A_3576,23.559
A_3577,35.5261
A_3578,30.3608
A_3579,40.4095
A_3580,53.9633
A_3581,43.4321
A_3582,34.9293
A_3583,32.6366
A_3584,38.2384
A_3585,56.1081
A_3586,27.85
A_3587,26.6209
A_3588,47.8767
A_3589,46.3171
A_3590,23.7857
A_3591,32.746
A_3592,69.291
A_3593,36.3724
A_3594,45.3765
A_3595,31.2765
A_3596,27.8783
A_3597,31.7793
A_3598,37.4744
A_3599,43.0454
A_3600,34.0725
A_3601,29.8116
A_3602,62.2184
A_3603,51.8559
A_3604,28.1963
A_3605,21.4884
A_3606,39.6289
A_3607,56.3123
A_3608,28.9315
A_3609,58.8739
A_3610,42.7575
A_3611,31.9821
A_3612,38.2486
A_3613,36.1385
A_3614,31.0347
A_3615,33.1073
A_3616,40.9935
A_3617,43.5518
A_3618,23.8432
A_3619,24.5485
A_3620,50.3801
A_3621,69.0941
A_3622,33.0902
A_3623,24.1662
A_3624,46.5337
A_3625,28.8375
A_3626,33.0468
A_3627,49.6283
A_3628,38.2309
A_3629,40.1708
A_3630,55.1168
A_3631,45.6236
A_3632,36.6315
A_3633,54.8772
A_3634,29.0258
A_3635,30.9089
A_3636,67.365
A_3637,60.173
A_3638,29.8784
A_3639,21.9522
A_3640,41.4972
A_3641,31.962
A_3642,37.8796
A_3643,56.9009
A_3644,42.266
A_3645,33.0411
A_3646,40.4029
A_3647,35.9117
A_3648,31.0479
A_3649,27.2148
A_3650,57.0231
A_3651,48.1402
A_3652,26.045
A_3653,26.5783
A_3654,51.9762
A_3655,78.9549
A_3656,36.5568
A_3657,45.5378
A_3658,36.1106
A_3659,27.3677
A_3660,30.7031
A_3661,42.2786
A_3662,34.7494
A_3663,37.7485
A_3664,49.9138
A_3665,61.03
A_3666,28.4903
A_3667,27.0706
A_3668,50.7219
A_3669,42.8295
A_3670,23.4389
A_3671,31.3651
A_3672,60.882
A_3673,41.623
A_3674,57.4618
A_3675,36.6967
A_3676,30.8693
A_3677,33.2071
A_3678,39.451
A_3679,45.4722
A_3680,35.7321
A_3681,24.8877
A_3682,44.3813
A_3683,51.1437
A_3684,25.7597
A_3685,30.2412
A_3686,62.5986
A_3687,42.479
A_3688,22.0122
A_3689,34.3007
A_3690,29.8004
A_3691,39.0995
A_3692,50.4839
A_3693,48.8175
A_3694,36.9472
A_3695,34.0529
A_3696,41.3429
A_3697,74.7139
A_3698,34.5363
A_3699,24.9932
A_3700,49.2173
A_3701,50.4964
A_3702,27.8097
A_3703,29.3073
A_3704,59.9828
A_3705,35.8185
A_3706,46.4895
A_3707,39.8083
A_3708,33.1665
A_3709,29.0545
A_3710,33.1105
A_3711,48.4392
A_3712,38.031
A_3713,22.9236
A_3714,42.7052
A_3715,61.4805
A_3716,30.9621
A_3717,27.9622
A_3718,61.7412
A_3719,50.8704
A_3720,26.5988
A_3721,37.1109
A_3722,31.9178
A_3723,34.0498
A_3724,41.8775
A_3725,51.8909
A_3726,39.3595
A_3727,29.6121
A_3728,34.3126
A_3729,44.9346
A_3730,23.8254
A_3731,32.3315
A_3732,65.534
A_3733,48.3482
A_3734,24.1638
A_3735,23.5379
A_3736,42.2548
A_3737,35.8473
A_3738,43.9695
A_3739,52.2284
A_3740,39.08
A_3741,37.3141
A_3742,47.492
A_3743,32.1608
A_3744,28.3619
A_3745,28.781
A_3746,56.4405
A_3747,39.556
A_3748,21.3076
A_3749,28.0526
A_3750,51.9163
A_3751,62.4592
A_3752,29.6544
A_3753,40.9123
A_3754,32.9869
A_3755,30.918
A_3756,36.0231
A_3757,38.1441
A_3758,31.8629
A_3759,42.7191
A_3760,59.0799
A_3761,35.3531
A_3762,73.9131
A_3763,49.6525
A_3764,25.9249
A_3765,25.4599
A_3766,46.2605
A_3767,54.0506
A_3768,26.4765
A_3769,47.1659
A_3770,36.5563
A_3771,33.8515
A_3772,40.5739
A_3773,29.6916
A_3774,26.7641
A_3775,35.0836
A_3776,43.4148
A_3777,41.1458
A_3778,21.5666
A_3779,29.4901
A_3780,59.983
A_3781,67.2631
A_3782,30.4899
A_3783,28.6643
A_3784,54.6462
A_3785,30.7428
A_3786,35.5216
A_3787,39.9614
A_3788,32.6974
A_3789,41.9746
A_3790,56.6438
A_3791,37.4637
A_3792,31.6386
A_3793,22.9131
A_3794,44.7324
A_3795,66.7989
A_3796,31.6114
A_3797,26.8621
A_3798,54.1589
A_3799,46.4542
A_3800,25.7955
A_3801,43.6962
A_3802,35.3576
A_3803,38.6367
A_3804,52.5265
A_3805,53.7002
A_3806,40.6974
A_3807,30.8814
A_3808,36.0834
A_3809,58.5794
A_3810,30.3058
A_3811,22.6355
A_3812,41.3414
A_3813,48.8986
A_3814,26.1542
A_3815,27.3708
A_3816,58.3471
A_3817,34.5587
A_3818,43.3595
A_3819,37.9378
A_3820,32.2509
A_3821,29.8623
A_3822,35.0413
A_3823,54.6394
A_3824,40.2319
A_3825,54.5992
A_3826,27.2386
A_3827,26.1169
A_3828,46.8294
A_3829,45.1636
A_3830,23.271
A_3831,32.0073
A_3832,67.2301
A_3833,39.1182
A_3834,51.0557
A_3835,34.1499
A_3836,29.5877
A_3837,33.9351
A_3838,41.4614
A_3839,49.4012
A_3840,36.8981
A_3841,25.6717
A_3842,48.0705
A_3843,57.1901
A_3844,26.7886
A_3845,29.7655
A_3846,57.5827
A_3847,40.636
A_3848,22.2001
A_3849,36.8422
A_3850,31.0625
A_3851,41.6387
A_3852,56.9417
A_3853,45.3821
A_3854,35.8543
A_3855,33.3489
A_3856,39.5175
A_3857,44.3643
A_3858,24.2207
A_3859,25.0037
A_3860,51.5503
A_3861,70.846
A_3862,33.6943
A_3863,24.579
A_3864,47.4956
A_3865,27.0736
A_3866,30.1222
A_3867,43.89
A_3868,35.4192
A_3869,36.919
A_3870,47.6935
A_3871,41.0051
A_3872,34.1637
A_3873,31.9551
A_3874,69.5283
A_3875,56.3753
A_3876,29.8816
A_3877,22.7089
A_3878,42.734
A_3879,61.9448
A_3880,30.8199
A_3881,55.4738
A_3882,41.3282
A_3883,31.1333
A_3884,36.6784
A_3885,34.8316
A_3886,30.2789
A_3887,32.1425
A_3888,39.0504
A_3889,24.8086
A_3890,49.6381
A_3891,43.208
A_3892,24.081
A_3893,24.415
A_3894,46.0319
A_3895,67.2688
A_3896,33.108
A_3897,45.8902
A_3898,36.2284
A_3899,27.3865
A_3900,30.7753
A_3901,42.5359
A_3902,34.8435
A_3903,37.8982
A_3904,50.4175
A_3905,51.8683
A_3906,27.8493
A_3907,29.4241
A_3908,62.547
A_3909,56.4414
A_3910,28.5649
A_3911,21.0753
A_3912,39.395
A_3913,33.4232
A_3914,40.6124
A_3915,62.7798
A_3916,44.7075
A_3917,34.7055
A_3918,43.7989
A_3919,38.1784
A_3920,32.3467
A_3921,26.8007
A_3922,49.2375
A_3923,58.4554
A_3924,28.1157
A_3925,33.2653
A_3926,73.1376
A_3927,47.7719
A_3928,23.874
A_3929,34.0153
A_3930,29.6504
A_3931,38.8079
A_3932,49.8009
A_3933,48.0556
A_3934,36.655
A_3935,33.8425
A_3936,40.9018
A_3937,65.3994
A_3938,29.7925
A_3939,28.1032
A_3940,53.4421
A_3941,44.8959
A_3942,24.2836
A_3943,32.644
A_3944,64.5805
A_3945,39.2147
A_3946,51.8278
A_3947,34.0785
A_3948,29.422
A_3949,31.7573
A_3950,36.929
A_3951,41.702
A_3952,33.877
A_3953,22.1202
A_3954,40.7116
A_3955,57.9046
A_3956,29.7353
A_3957,26.7276
A_3958,57.559
A_3959,48.2418
A_3960,25.6121
A_3961,39.5852
A_3962,33.3491
A_3963,35.8767
A_3964,45.5542
A_3965,57.3396
A_3966,41.7201
A_3967,31.0441
A_3968,36.8857
A_3969,63.9925
A_3970,31.4131
A_3971,23.0616
A_3972,43.7834
A_3973,45.5248
A_3974,25.8363
A_3975,26.8682
A_3976,52.5061
A_3977,36.0711
A_3978,47.1311
A_3979,40.1854
A_3980,33.3501
A_3981,29.1861
A_3982,33.3557
A_3983,49.0202
A_3984,38.2842
A_3985,30.0769
A_3986,60.0302
A_3987,41.6056
A_3988,22.1829
A_3989,29.2147
A_3990,54.8229
A_3991,67.0687
A_3992,31.1171
A_3993,37.7667
A_3994,31.4143
A_3995,29.6832
A_3996,33.8991
A_3997,35.5967
A_3998,30.4777
A_3999,40.3876
A_4000,53.5678
