Energy,Step0,Step1,Step2,Step3,Step4,Step5,Step6
5.5e-11,91668.64010415804,56088.296089571995,0.0,130104.55886085078,60856.6619503647,0.0,164346.7448670721
2.9999999999999995e-10,2009724.855604933,0.0,891946.183966743,881701.6315771962,942461.1252465153,277744.22299124993,1032555.3879004564
6.25e-10,58759167.33193257,62265183.196727976,57629586.06477772,70090580.45127791,58588704.01130519,59245427.56595807,66141443.71861085
8.750000000000001e-10,98547065.4473112,99845853.54870059,94294696.66517432,95637461.79031278,99665757.16572818,107910820.87548359,101615405.2186039
1.1e-09,68018634.38949999,60360349.82519656,71989969.0484404,78127905.07741863,71664539.07269724,73246874.27006876,72895058.08007614
1.35e-09,151609323.47414914,152341855.04116946,150370009.0620204,155451658.86342558,168092330.80410057,159508015.76828086,151943130.0258445
1.7500000000000002e-09,865606040.8850342,867440511.0185671,847290657.5655379,869015307.2975817,857237841.5087814,826856000.5301338,861292104.2696487
2.25e-09,683252170.693507,689333564.8348079,717562625.7937387,689036196.3885046,659801946.315309,668463325.849889,640581892.7929746
2.7499999999999994e-09,808033834.3655291,794819785.8009257,796352699.2001792,787058888.1812078,759504141.5864294,785823343.2282575,712917814.4282411
3.5000000000000003e-09,2103387539.6145136,2103358221.598681,2046502212.3230894,2099509184.9486427,2071087462.7428112,2024756621.1511652,1982207803.6019397
4.5e-09,3621817839.04667,3755269258.8292246,3668676404.923305,3619472397.7800527,3615619172.8420386,3497300037.5171423,3552602191.9536
6.25e-09,13402982235.205406,13155119352.77966,13168605640.06271,13127853598.055233,12996802067.282984,12715642295.447224,12745169725.678745
8.75e-09,12214848702.144646,12514730121.233585,12268626319.757803,12335890224.654009,12115670042.870539,11974943566.873493,11918862390.873482
1.765e-08,166603394428.59613,166540151280.15698,165374969565.20526,164803268256.46725,162505573472.77744,160938316112.11987,159612722967.6834
2.7649999999999996e-08,68047952405.33272,68237263021.85255,67788697379.61197,67404631372.20337,66604249539.97018,66192959660.71691,65563041149.11109
3.5e-08,162570073107.6094,162706192466.83273,161938060452.01553,161000302774.16617,159462363429.34134,157103938469.99802,156300624836.18155
4.5e-08,179059781698.3226,178815185680.51822,177361012095.21542,177321642188.24005,174846363994.36346,173094403133.95978,171461389652.07742
5.5e-08,178541271646.8811,178336883193.6473,177902976559.3231,176829099522.2504,174816208320.93555,172618613619.87454,170762783217.6635
6.5e-08,177800782332.70618,177816278998.21777,176574032784.50577,175962542739.99478,173254814563.44452,171607979731.241,170218724609.5678
7.5e-08,170115273896.55807,170144173083.59317,169004539925.2957,168230544307.31195,166341207601.2921,164792797536.527,163091933789.43176
8.5e-08,160972241244.7263,161186262760.30515,159881192226.9516,159334201817.2726,157243408459.60223,155941688556.62958,154166692112.35733
9.5e-08,149216135724.60416,149307021573.68558,148569882889.89154,147760286824.11093,146554059886.9934,144485464455.59637,143029196726.3055
1.125e-07,319446587540.50507,320160271811.63293,318315330958.1597,315687180253.15546,312687109575.8732,309408517748.1802,306050767277.7388
1.375e-07,247858275308.97287,248201296094.21567,246985017265.9555,244795380312.0491,242365754457.11206,239510179715.00534,237380854107.95483
1.625e-07,184754178030.63156,184709782178.08487,183963848089.54102,183179800580.41464,180710804818.5022,179001145666.65717,176216352991.3466
1.8750000000000003e-07,136954503845.76645,136899637273.2795,136560385947.2152,135215526678.08868,133871086237.75978,132087713217.53532,130548098557.52005
2.125e-07,98457436084.6226,98729255974.27165,98431468699.17078,97449315168.77473,96563073433.03143,95384489196.5562,93990208129.31166
2.375e-07,72033108414.59425,72152474621.91318,71976566526.91687,71334083151.38275,70405539707.08081,69489561126.7072,68881840541.37473
2.625e-07,52486787258.92145,52558825812.11041,52316323938.294075,52053299453.39484,51209778255.00779,50633051000.69847,50024492757.77078
2.8749999999999995e-07,39241954777.69367,39277555225.49054,39159613036.083496,38861741995.22308,38354456555.55755,37907063633.95028,37224833405.52294
3.125e-07,29734834252.099297,29876900980.248695,29676156337.5541,29433445049.338963,29062278968.896755,28769559522.246952,28429638070.106472
3.375e-07,23184728803.39282,23176729173.358463,22972424485.884186,22968738792.465214,22693819569.713844,22351845856.465076,22227998181.011723
3.625e-07,18390144259.86971,18359067163.08703,18377579395.941402,18277646844.831596,18115225037.11834,18065970770.519375,17902250593.533527
3.875e-07,15097186604.418633,15008478665.084782,15026823366.42011,15058821886.557533,14922786293.093723,14833491993.443218,14815231057.867413
4.25e-07,23529592435.3451,23489133573.49595,23409723633.469048,23594510898.97469,23417430083.345078,23293163579.094112,23193021613.585503
4.75e-07,18072420734.002575,18199786571.35585,18292389618.507477,18191996355.7203,18097047867.302055,18120083451.17062,17912511899.074978
5.25e-07,14824445291.414837,14979411946.53063,14959098749.846533,14913111347.868927,15041943086.01384,14987495342.324509,14914325951.381996
5.749999999999999e-07,12737630807.321762,12904827263.327774,12907172704.59439,12882713102.813951,12808203459.719088,12880116364.268768,12853562618.500278
6.125e-07,5847478257.835521,5899036082.821342,5850828888.216403,5889235488.957263,5885507912.658531,5819291079.7563505,5869424886.830297
6.375e-07,5513713589.019912,5575825899.705512,5603259185.948983,5537251767.445607,5591615745.375418,5537293650.325369,5521545687.535223
6.75e-07,10219673958.968693,10255316289.645325,10210166545.26294,10321868185.585594,10299879673.711056,10288445647.536297,10236804056.790953
7.25e-07,9286523397.893053,9310229107.837793,9404968181.857233,9396926668.943115,9328992637.970734,9389136453.307566,9336992268.005089
7.75e-07,8542976633.495575,8588796503.954136,8646552995.14459,8685169010.284254,8659285390.591942,8613884348.93099,8624355068.871246
8.25e-07,7935465462.561905,7961977325.450634,7944972876.267658,8050936562.063051,7936009939.998798,8001179700.906954,8002017358.502174
8.75e-07,7333566597.516213,7471654452.088313,7487444297.75822,7438190031.159254,7445561417.997194,7437436139.323556,7420682987.419146
9.125e-07,3501953225.4585924,3521089513.2214046,3520339809.673682,3598551899.339421,3487097368.0073566,3542169166.605129,3509056561.866062
9.375e-07,3399457442.107412,3432109335.169107,3441792656.969856,3429512596.6239233,3406585908.2427382,3415284982.369103,3410719748.4751515
9.625e-07,3282185378.776541,3303935158.2364416,3306230340.047346,3289715920.557574,3322602357.7459307,3303453505.11919,3302787567.33099
9.875e-07,3252997199.8710833,3217539153.8653994,3226342935.191167,3218079443.0143166,3244507540.143523,3186642153.465691,3221790266.1611433
1.005e-06,1276962932.7459185,1260854777.1898282,1269809336.8827353,1241454627.2845213,1284996069.084083,1255946103.6818361,1259912412.395205
1.015e-06,1236307221.3618913,1240353107.5468063,1264992805.7102175,1268163339.708127,1252633167.892739,1233949215.2313457,1256787949.5650327
1.025e-06,1225903514.0292528,1229032165.1474013,1252850958.8674963,1242690172.2374716,1221560259.3980343,1226749548.2004254,1218402290.264053
1.035e-06,1209908442.2485173,1206892874.9057233,1236441246.5771267,1223759110.5854883,1195588685.6582227,1224420860.0857124,1211043468.290041
1.045e-06,1202759034.6733103,1205364149.794446,1209941948.552326,1207152548.7602417,1222607331.39206,1204652140.8385086,1191735460.7202084
1.055e-06,1176226230.3447008,1207814298.260466,1185829974.673904,1193808663.2683792,1195488166.7467964,1206097100.190264,1166065443.7146761
1.065e-06,1163255102.4827113,1197950880.0767446,1175912108.746493,1181482531.7547095,1184221672.0910804,1174802212.432826,1158266851.5031734
1.075e-06,1152034678.9947329,1168025562.487492,1163736755.5999632,1190889426.5490358,1149094500.8355088,1177704696.0002651,1160595539.6178863
1.085e-06,1147946909.9300568,1156541276.857019,1168159587.7027273,1163288608.7865202,1138137939.4900246,1132965403.839538,1160675117.0894322
1.095e-06,1119805803.0186238,1132391608.386812,1126104988.1346822,1166915666.173825,1142858140.039092,1115085602.4695563,1145283158.7772555
1.105e-06,1139825819.544394,1120739791.2372947,1138200763.8096662,1147938533.3541045,1122863253.2411788,1138736864.6706073,1128425299.6734428
1.115e-06,1124425484.656265,1116752541.0840452,1106189678.8083146,1104485045.602041,1119613141.7717233,1115889753.760968,1108292199.372318
1.125e-06,1091007134.894943,1097478039.8180215,1105109100.5104802,1108028337.2298236,1115998649.2483468,1090550611.505548,1108497425.4831471
1.135e-06,1085512101.0702965,1099069589.2489405,1093134785.186803,1092033265.449088,1077102018.8142827,1077784709.7543874,1092435341.094794
1.145e-06,1078915547.507935,1088527668.4130905,1108589567.8186214,1096192235.409358,1077830780.9221246,1107488048.0809064,1076314620.6747754
1.1625e-06,2622383432.461232,2676316016.7295046,2688600265.3634133,2657393331.6534734,2699950525.7786508,2683720909.8712535,2664249559.070353
1.1875e-06,2588818492.620747,2589480242.120971,2649498408.81852,2615887397.8102975,2645234731.658848,2642382507.547122,2571319825.4565907
1.2125e-06,2545218414.78952,2536221972.2168517,2553837911.444339,2574963635.9958,2609889769.428519,2554256740.241949,2536607294.710653
1.2375e-06,2482733346.474046,2490272264.831031,2517236462.821179,2528938539.4264092,2507230642.84627,2494121301.481069,2476195428.9433503
1.275e-06,4807610119.128789,4875586032.980933,4843252449.805422,4845556008.192278,4868214646.142992,4871649042.283397,4869931844.213195
1.325e-06,4569129001.769512,4610174223.935317,4687490019.974169,4682087128.484997,4659260959.015238,4694023749.216889,4657376229.425992
1.375e-06,4452527064.514818,4425931435.866568,4507519285.641045,4433302822.704508,4452945893.312428,4478452567.086893,4443689776.8852415
1.4249999999999997e-06,4267404735.9710875,4313350255.068932,4282440689.8052955,4306523345.667885,4312512597.473711,4265017411.824709,4332113785.201871
1.475e-06,4120458652.3295307,4070994971.33176,4135075777.3661284,4175706359.022299,4119909986.6046615,4144097349.666653,4175618404.9748006
1.545e-06,6999299334.143472,7051275987.926905,7070248932.458649,7068112905.590837,7079169985.847747,7056427582.13751,7088509868.034455
1.635e-06,6575109527.92381,6640488703.23077,6624154380.12397,6588218869.289011,6624154380.12397,6645179585.764005,6655859720.103066
1.725e-06,6196572060.643664,6237030922.492815,6235858201.859507,6232842634.516712,6251941227.68774,6255417506.707905,6302033151.881926
1.815e-06,5887685822.406105,5918176558.872131,5892921182.376233,5931202134.47781,5902093533.043898,5939955656.347864,5931662846.155181
1.9e-06,4961194639.212468,4973801386.020536,4982680556.529874,5015223554.104191,5005255428.721066,5006888861.031747,5037002651.579924
1.97e-06,3563659272.2105107,3614299862.129566,3575440926.287287,3602044931.5114903,3609655050.7640686,3600076436.162722,3598589593.9312057
2.06e-06,6770702576.407797,6897105107.526571,6813632528.1628475,6853588795.454865,6854510218.809608,6849065444.440675,6894089540.183777
2.165e-06,4838812864.550753,4872444816.998856,4877010050.892808,4922662389.832325,4859963718.8300705,4872989294.435749,4873156825.954793
2.255e-06,4621105655.552944,4647491869.80239,4651345094.740404,4710860666.880821,4685689056.144445,4683134200.479023,4695322118.489481
2.34e-06,3921598739.2241836,4003140517.830923,3935059896.779377,3980850449.2221055,3933351075.285127,3918227167.403421,3934297628.3677263
2.425e-06,4275781311.923292,4216307622.6626368,4309580795.89044,4311130462.441598,4262169376.0009594,4343003333.939737,4330480352.8911915
2.52e-06,4519581555.012219,4630445537.739653,4613734268.715004,4590489270.447635,4576416622.847931,4586929225.667948,4582992234.970411
2.62e-06,4366876575.403522,4380195331.167528,4411649373.868058,4390624168.228024,4423376580.201145,4428653823.051034,4444401785.84118
2.72e-06,4206758326.077123,4242275008.1144724,4219574487.2839966,4269163816.9210505,4244787980.9001336,4270587834.8329253,4248138611.281016
2.82e-06,4082521139.8419943,4104312802.1816554,4065994155.4882936,4149630078.0830846,4077336039.327579,4144411471.264861,4105301238.144016
2.92e-06,3898944289.561445,3972892702.067511,3947649890.435541,4017841408.6270432,3969789180.677219,3995534586.866321,4019026694.12428
2.985e-06,1174810589.008778,1160369372.0671768,1150577154.7790492,1169441203.8234148,1180979937.1975772,1184891798.1672568,1180971560.621625
3.025e-06,1889994267.2320907,1917071548.9975934,1930670920.0559983,1925046049.3040926,1889717840.225668,1915178442.832395,1914663283.4113345
3.1e-06,3705043309.419803,3755759288.5224285,3762091979.9422956,3761421853.866119,3732455654.223394,3733825224.3915796,3747701022.456407
3.325e-06,12093346467.957912,12137867969.14388,12147124085.571068,12145700067.659193,12156128904.719688,12206220828.913874,12234659304.27161
3.6150000000000005e-06,7177762284.8052,7142496900.046417,7205614399.846282,7212902020.9247,7184547311.326487,7239372000.933668,7346089578.56476
3.865e-06,7641280115.120465,7697528822.639522,7690115552.921821,7732877973.157826,7740668188.793378,7688105174.693291,7715329046.537957
4.375e-06,18489029738.98549,18648394096.476192,18619871855.358932,18615683567.38283,18686339985.53968,18840720280.338818,18778943032.691307
4.875000000000001e-06,5447748053.3962965,5473338492.930284,5495578302.083387,5501316256.610648,5416587190.8540945,5498677635.185703,5485191347.902654
5.2e-06,8218426198.227391,8200458442.809911,8276852815.494021,8274549257.107164,8302987732.464901,8223535909.558236,8242299439.691175
5.699999999999999e-06,11050630293.427431,11128616215.54246,11188383084.961443,11183692202.428207,11196173300.596992,11207649209.651514,11215439425.287066
6.125e-06,4201606731.866517,4221542982.632765,4247845431.122689,4235783161.7515135,4263844691.1914,4244075971.944196,4229584495.5468817
6.375e-06,4009569539.8742404,4019340815.722488,4086290599.0204864,4068419174.226457,4056499306.646469,4062413169.268726,4033292002.9708853
6.625e-06,3860030905.9754767,3862711410.2801824,3882727238.5179763,3955632767.3179927,3884888395.113645,3901984986.6320953,3924928428.165185
6.875e-06,3764039533.851183,3796607661.153356,3835596433.9228945,3810315927.6991396,3810123266.452239,3834331570.9541116,3816724008.3025765
7.075e-06,2253374320.3267207,2240700560.9110346,2243129767.937174,2263292186.2541313,2255137589.56466,2240059752.850691,2271321134.30432
7.625e-06,13705586041.478813,13770253207.829836,13895357369.676018,13885640541.571459,13779006729.69989,13795885530.243582,13816240609.807442
8.6e-06,12941809846.15676,13060715341.79831,13085551889.496597,13188081179.151587,13067919197.117205,13141381768.218042,13138910678.312143
9.55e-06,10656512394.876184,10740110622.87919,10724320777.209284,10809845617.681297,10719797426.195093,10773491278.048727,10770140647.667845
1.075e-05,15785322318.892275,15919263768.368034,15931493569.258253,15970989124.8729,15984224114.877384,15875914987.815372,15956455765.595823
1.17e-05,3853861557.7866774,3850259630.127229,3877663598.354868,3813993244.5421576,3900045809.29916,3892096438.7205176,3879615340.551732
1.24e-05,9066010035.951256,9048293577.812342,9162885136.838507,9181104189.534554,9154759858.164867,9183868459.598782,9154299146.487497
1.3325e-05,7214954282.03299,7168883114.295863,7285652583.069601,7244146649.226425,7230869776.34218,7194096607.912,7237277856.945617
1.4075e-05,5089481899.920488,5076875153.112419,5091743575.427584,5147196508.231181,5143803994.970538,5165248029.408182,5129019338.414896
1.4749999999999998e-05,5385216913.913087,5370474140.2372055,5406409651.0721655,5432418919.403762,5348569394.1221895,5369259536.724135,5408755092.338782
1.555e-05,6510274830.053743,6549979800.067195,6612343408.031361,6581308194.128442,6631567649.841672,6607610642.618365,6590187364.637779
1.65e-05,6805423483.729687,6860625119.254718,6845254102.3824215,6902340467.496699,6913230016.234566,6896518747.209916,6931072123.012762
1.775e-05,9594655744.294914,9617481913.764673,9586153519.703426,9645417794.565277,9592561600.306864,9621837733.25982,9620078652.309856
1.875e-05,2955063334.691031,2972021712.70627,3023981613.3377976,3030842029.0426536,3019177647.029208,3037174720.4625206,3012819825.8814845
1.9500000000000003e-05,5568412629.98781,5612557185.255931,5609415969.273854,5636556075.358998,5605604627.215601,5630106111.8758,5657832578.277598
2.05e-05,5198167972.900349,5186189469.288695,5225475610.504537,5240176501.300656,5237412231.236429,5210104593.63224,5227444105.853305
2.1749999999999997e-05,7554247490.977055,7566686706.266079,7604171883.652197,7623312359.702985,7629469143.027856,7571126291.520748,7661635194.684323
2.375e-05,11935531777.01837,11989686340.549376,12056447650.888449,12061724893.738338,12014020293.69053,12105450620.208849,12015653726.001211
2.6249999999999998e-05,10873381946.278772,10961880471.21382,10880878981.755997,10918950519.458767,10975785587.29448,10885151035.491621,10961377876.656687
2.875e-05,9925153548.489164,9903751396.93128,10007746587.377905,10023201370.009724,10023159487.129963,10094067202.565378,10009756965.606436
3.0625e-05,4681375119.529059,4663784310.0294285,4733226124.673208,4729289133.975672,4731048214.925635,4687699434.372974,4754293213.193005
3.15e-05,1842264537.4564266,1833389555.2350652,1834792631.7070596,1831517390.5097475,1827379361.9893582,1810797929.8919683,1836321356.818337
3.25e-05,5295461902.58521,5252406302.190876,5325617576.013147,5297388515.054216,5309241370.026587,5381782517.772682,5341533070.322337
3.35e-05,1696055592.498664,1680068897.2938807,1667453773.90986,1725888767.7524421,1719484875.4369814,1694099662.0138242,1694459854.779769
3.4175e-05,2783410540.2784457,2819940788.006012,2833816586.0708394,2835751575.115799,2828174962.1670294,2855398834.0116954,2810223959.901454
3.505e-05,2857895053.6454525,2852408396.3967586,2878610325.9752555,2896557139.952855,2875473298.281155,2896971780.462489,2870803357.1878004
3.625e-05,4550909949.073466,4585086378.958463,4556145309.043594,4586384748.231054,4602760954.217615,4575160136.4551,4632749096.12651
3.75e-05,2935629678.4819155,2947411332.5586915,2955863297.6944666,2981273640.8454804,2957270562.454437,2928421634.875043,2992711855.3082166
3.855e-05,3217480517.8337336,3257524739.1732497,3243741083.4438963,3267597571.7557764,3264024962.112161,3290917959.206715,3278441049.325906
3.935e-05,1447233592.12639,1461838152.2990594,1472204165.0399132,1489170919.6311045,1486750089.180917,1495872180.3928683,1459287484.921613
4.03e-05,4018628806.7665505,4047532182.089634,4095039932.6025643,4061064540.540421,4090093564.5027876,4089067433.9486423,4077491005.982695
4.17e-05,3906210969.1999826,3891698551.3627877,3930549110.6291146,3922733765.2657075,3940031394.607011,3924702260.6144753,3952097852.266162
4.32e-05,4387776132.404273,4333956631.911356,4343380279.857587,4396487771.394567,4383085249.871038,4321684948.141376,4398163086.585008
4.46e-05,3149563240.0132556,3166387592.813259,3184145933.831934,3202101124.385485,3152302380.3496265,3186261019.2598658,3213430443.3608427
4.61e-05,4584918847.439419,4584835081.679896,4617545610.773257,4620226115.077963,4601462584.945024,4593462954.910667,4638403284.894248
4.765e-05,3223415321.895871,3184958461.699298,3225375440.668687,3216169583.6972136,3186713354.3612847,3201807944.227158,3223151459.7533765
4.875e-05,2152214600.8399167,2161776462.2893586,2168435840.171362,2175103594.629317,2204832062.6836925,2196216754.3168497,2165956373.689509
4.99e-05,3282528818.390582,3292555579.8053713,3290591272.7445793,3283224074.194615,3312898094.505301,3323724818.9235263,3331695130.942049
5.13e-05,3204521954.8356724,3221061504.0533013,3205502014.2220807,3221262541.8761544,3241353759.2975183,3243741083.4438963,3191978032.3472457
5.27e-05,3099358232.0437145,3153860423.4767365,3155870801.705266,3138472653.452536,3123997930.2071257,3179262390.0517983,3167518430.566807
5.62e-05,11672632940.758415,11696506182.222198,11696338650.703156,11829568091.222977,11715939838.431314,11818469128.086304,11874131475.288706
6e-05,3935198110.2825885,3898973607.5772777,3966974651.157278,3915169717.1808662,3937246183.1029024,3931428651.104096,3973587957.871544
6.3e-05,7381103666.044977,7407866826.212272,7437519905.083077,7437478022.203317,7427468013.940432,7462691515.819454,7467549929.871733
6.625e-05,4231511108.0158887,4231259810.737323,4256012592.6760883,4268786871.003201,4226527045.324327,4299905850.665643,4241353584.75973
6.975e-05,7581136299.783633,7600486190.233227,7672399094.782907,7651457654.902394,7627374999.039804,7627123701.761238,7686974336.939743
7.4e-05,6415368224.51526,6441754438.764706,6440414186.612353,6456120266.5227375,6437901213.826692,6500097290.271813,6452267041.584723
7.800000000000001e-05,6012789984.252287,6000350768.963263,6031218451.347137,6037459000.43153,6035322973.563718,6065604295.6309395,6075069826.456931
8.1e-05,2819949164.581964,2788059539.9319196,2804783373.8204966,2807329852.909967,2803246272.133267,2818994234.923413,2833808209.4948874
8.6e-05,10999575062.998741,11015490557.30793,11065624364.381878,11055237410.201143,11053687743.649986,11129118810.099592,11101099163.539467
9.5e-05,12498228266.607742,12577009963.43823,12531985867.695127,12587522566.258247,12546058515.294832,12555230865.962498,12651058894.855722
0.000104,9026137534.41876,9099390691.120792,9084480385.925869,9087747250.547228,9111285428.972923,9144163489.58533,9158780614.621927
0.00011149999999999999,7400662970.893375,7454231174.107727,7545870915.02485,7548844599.487883,7484596261.93447,7579251570.1943865,7576906128.92777
0.000117,3957986585.160562,3981277654.5956683,4012367316.242277,3990617536.782377,4037706458.4976974,4014809088.1323447,4050845117.878731
0.00012050000000000002,2953827789.7380805,3004514450.8248734,2986835687.277745,2990362225.753623,2976264448.4260616,2996255146.935999,3015596660.8096404
0.000154,50575671455.42587,50768751531.1242,51075334210.9749,51207265282.22213,50990311965.06002,51111353487.56938,51158681141.69934
0.00018925,4226150099.4064775,4176342978.7946663,4253415854.1309047,4226820225.482654,4262001844.481915,4239301323.6514397,4248264259.920299
0.0002,9046785794.140945,9089590097.256714,9137001517.146194,9153587137.531559,9110782834.415792,9167492253.61222,9087956664.946033
0.00020875,1337559083.1841695,1355145704.395824,1356209529.541754,1370818278.0023997,1344189143.05034,1396768910.3023307,1363476209.180292
0.000225,16102920196.120129,16093329016.654854,16193345333.524181,16147944291.86323,16255415761.33002,16243730437.876696,16296084037.577976
0.0002625,20845611851.619328,20952496960.769466,20991908750.624588,21045225656.560375,21120237894.21237,21123756056.112297,21096239004.109303
0.000295,8252812042.511192,8247451033.901781,8300390993.919717,8329792775.511956,8288621904.706869,8299511453.444736,8332305748.297618
0.0004275,72068290033.59352,72393301180.53906,72820087725.30391,72853175200.31512,72571303419.52342,72621144046.43904,73016099602.58551
0.00061,24278667739.871037,24468816013.986088,24545545449.708286,24441131430.46405,24575617357.3767,24524185181.030163,24640661469.645576
0.0006765,2369871550.382012,2404223888.3620048,2355564358.655646,2387269698.634742,2375249312.1433277,2374587562.6431036,2389280076.863271
0.0008165000000000001,40676443409.50878,40891511997.08164,41087356342.8442,41016658041.80759,40995549070.40803,41151269617.35952,41202827442.345345
0.00105,23737708464.877636,23741896752.853737,23942306332.510242,23932924567.44377,23942808927.067375,23991016121.672314,24119973508.456512
0.001325,33073988723.926785,33328008389.677402,33393303799.224842,33382246718.96793,33477153324.506413,33393220033.46532,33504586610.749886
0.001525,4119930928.044542,4142313138.9888334,4168954838.8048215,4157998277.4593377,4152272887.7960052,4108442454.1260924,4165868070.566434
0.001675,18799842589.69206,18846667649.264885,19005487529.31869,19039203247.526318,18917491598.940777,18951793677.465057,19020984194.83027
0.002,25215839057.403732,25335791625.03931,25489585559.521793,25523133746.210373,25475052200.244717,25441797193.714462,25480371325.97437
0.002245,5031892940.249079,5066655730.450729,5034280264.395457,5038342903.732277,5080812143.809956,5082529341.880158,5105606808.628483
0.002435,15004164728.469397,15151927528.266293,15274016122.76968,15206710334.993713,15225013153.449282,15191129903.722612,15344002414.850353
0.00279,18939103164.897465,19107639873.055832,19268679545.736973,19165982724.56294,19149187689.778767,19165103184.08796,19190567974.982662
0.00337,27823592799.96444,28179262214.895065,28230191796.68447,28131976443.644867,28129798533.897293,28299968674.36634,28312826718.452972
0.00382,5416712839.493378,5388735075.813012,5411393713.763727,5426010838.800324,5419393343.798083,5417257316.93027,5443727296.939239
0.00495,55029915718.01089,55395972087.12225,55565178921.35679,55328959479.50461,55441205597.26416,55729359810.02001,55707999541.34189
0.007015,37568440551.08239,37762232635.73666,37967877575.36329,37961008783.08248,38023246742.407364,38096332367.59035,38092856088.57018
0.008765,21808834320.363384,21916515204.22898,21955591931.046017,21992490748.11548,22062560805.955673,22070727967.509075,22069010769.438873
0.01125,41223098756.14968,41158808535.71651,41417184020.96227,41414335985.13852,41528424949.60755,41494709231.399925,41582328215.85999
0.015,35604929265.005775,35760649811.95726,35933709871.12982,35934044934.16791,35885041964.84751,35972116471.87068,36042144646.831116
0.021,52066701974.918365,52201983676.54648,52439459604.79149,52539978516.21795,52591075629.5264,52422287624.08947,52819337324.22398
0.0275,25073688563.494812,25182877231.031807,25343665606.43438,25200258626.132633,25306012897.52922,25158040683.33352,25353256785.899654
0.0375,56690990729.333145,57002180525.957565,57368236895.068924,57218296185.52445,57457866257.757515,57222903302.298164,57586865527.42147
0.0475,15075910101.500032,15187276678.784597,15259985358.049738,15203694767.650919,15330599893.326826,15252907151.370125,15370807457.89741
0.051,5671905225.877303,5697537548.291051,5745409679.857903,5703694331.615921,5757555714.9886,5755712868.279115,5740174319.887774
0.056,20891850550.8755,21012012532.90988,21159733449.82702,21115002534.24224,21206139680.602234,21166309061.949497,21213511067.440174
0.0665,29243925018.420322,29439518066.90431,29635823124.344234,29580537723.05968,29667151518.405483,29637707853.93348,29640807187.035797
0.074,4147690900.7501493,4161059915.9698687,4166052355.2373824,4223762775.260099,4169059546.0042243,4173708545.657698,4167937084.8266287
0.0785,13566157934.75436,13675974845.487768,13793163143.059116,13622029696.355568,13851715408.965029,13787718368.690184,13748599758.993385
0.0835,5357490447.511288,5424126109.211079,5476144645.874272,5350370357.951914,5451685044.093833,5446575332.762988,5384002310.400017
0.0925,25051323105.702427,25285950998.123688,25328545886.840652,25364313866.156567,25519322404.152122,25317865752.50159,25409379844.77943
0.11415,40163587546.83503,40311099049.353355,40586018272.10473,40659103897.28772,40663627248.30191,40521183574.23466,40804940084.61561
0.13915,26234137513.033535,26264753898.138847,26562164227.321884,26448117145.732613,26481120854.984303,26459970000.704983,26536992616.58551
0.175,50271601748.360825,50618810821.57973,50726868651.363174,50840371255.51555,50742365316.87475,50843721885.89643,50997432054.61939
0.23500000000000001,56038455462.65637,56355508862.447334,56623978121.71551,56670886947.04785,56727010005.92763,56786902523.98589,56827110088.55648
0.3,39398261684.961815,39538820629.43982,39960958174.551186,39920792492.86037,39822283959.66244,39882846603.796875,39912876628.58553
0.36499999999999994,39437505943.2979,39795981511.17251,39965272111.16657,40114793991.91344,39974318813.194954,40044514519.67443,39949649797.01571
0.41,10301010511.464603,10264781820.471317,10302057583.45863,10350432309.582613,10376483460.79397,10412167674.350365,10341846319.231604
0.43,9812739899.210573,9777767694.610117,9852863698.021635,9849178004.602665,9843188752.796839,9867061994.260622,9865847390.747553
0.455,13978453003.121891,14085128697.873222,14179993420.531944,14228577561.054733,14155114989.953896,14190841086.390049,14194191716.770931
0.48475,13143475912.206095,13190887332.095575,13249607129.520533,13281940712.696043,13338985194.93056,13350670518.383886,13278799496.713966
0.52475,21016996595.601444,21130918028.551434,21034294224.942745,21192695276.198944,21118688227.661213,21216945463.580578,21188088159.425232
0.5615,9020734642.929588,9044817298.792177,9070449621.205925,9109526348.02296,9084647917.444912,9100898474.79219,9119452590.526323
0.5865,10145164315.873829,10184073511.171822,10260761064.014257,10251881893.504921,10239693975.494463,10291544980.63861,10315795168.020245
0.635,24476899409.77997,24666922035.255737,24728071039.706833,24797219674.192287,24791188539.5067,24663278224.71653,24740384606.356575
0.6745,2953496914.9879684,2969303513.8097796,2971640578.500445,2978396287.005898,3011722494.4317455,3016618603.0758095,3032785394.663565
0.7145,22200983723.56586,22284791365.967674,22314905156.51585,22515649799.210445,22497011917.71679,22383676845.083454,22433936300.796684
0.785,19922261884.40777,20088118088.26143,20151445002.4601,20199945377.223366,20251754499.487755,20113164050.35852,20245849013.44145
0.84055,10827980904.61782,10995386775.022638,11006192558.000982,11056619545.233257,10946802634.49985,11009166242.464016,11027343412.2803
0.86805,3567529250.3004293,3652522178.1994777,3594246339.2999873,3570276767.212753,3593383551.97691,3613575288.3097005,3613064317.1766157
0.8875,6309153241.4413,6289342639.314336,6333780374.740783,6362386381.617563,6380982380.231459,6357444201.805762,6364522408.485375
0.91,4929950010.910744,4933510055.690431,4988962988.494028,5019495607.839815,4950682036.392451,4900925175.236353,4972754314.026511
0.965,20815916889.868763,20885107407.233974,20937042178.137646,21042963981.05328,21051340557.005486,21053895412.670906,21037016612.127213
1.055,18835149857.3306,18952254389.14243,19015413771.822052,19095828900.963223,19088918225.802654,19180809263.99834,19044941202.053577
1.15,19224283693.190285,19293432327.67574,19202923424.51216,19225959008.380726,19194672497.19924,19244973835.792233,19336152865.031982
1.225,8873641969.208868,8901326552.730906,8969260583.703287,8948821738.379908,8989029302.95049,8866647528.288776,8972946277.12226
1.2835,11256191467.294542,11334931281.24527,11366804152.74341,11506316025.227385,11386572871.990614,11331119939.187016,11423974283.617208
1.3364999999999998,6267186595.9207535,6355475706.456994,6294201053.366614,6399620261.725115,6372689570.038775,6320126555.938689,6399536495.965592
1.378,6884749657.997068,6896895693.127766,6830385680.067258,6955866787.831289,6950003184.664745,6927679609.752119,6912853070.316716
1.45,14951685480.128832,15083365254.097494,15079344497.640436,15051031670.921984,15159592095.26256,15013881556.573954,15203275938.85331
1.675,43246167497.246475,43270878396.30548,43729077100.8911,43583324679.32273,43891163845.56626,43849699794.602844,44154607159.26311
2.102,44840229900.95109,45173617623.848854,45099903755.469444,45385126166.64203,45444599855.90269,45202935639.68157,45573599125.56664
2.4165,8760348779.455296,8775719796.32759,8782504822.848877,8905389192.067724,8804870280.641264,8862710537.59124,8907106390.137926
2.7395,25471910984.26264,25700340210.47927,25662101141.257454,25746327612.45688,25865610054.016277,25935889526.255276,25998881377.41586
3.652,29508038458.193348,29556078121.279243,29522320520.191856,29541670410.64145,29722855748.487644,29880000313.35101,29973817964.01571
4.552,6381191794.630263,6573978690.170262,6548053187.598187,6583318572.356971,6666749268.840933,6498966452.518266,6599694778.343532
5.617,10618985334.610306,10705264066.918018,10730896389.331764,10672009060.387764,10812609887.745525,10752759252.56702,10756486828.865751
7.3105,3304236714.9707212,3358483420.837201,3445444844.085017,3449687579.804809,3393346729.9502783,3394418931.6721606,3403964039.969698
9.0935,844920086.5710639,815602070.7383463,818337022.7867413,801148288.9328166,836413673.6915997,807757407.3591063,810835799.0215417
11.42,248742841.72952574,242793378.6594721,259177542.39318752,267309103.49879056,263984021.67456278,260275292.671724,270138292.0266478
13.34,12055107.398736097,12187164.118622608,11386028.39455372,16398864.624511532,16397189.30932109,16943844.65596199,19694963.495944686
14.195000000000002,8831088.963371666,6030673.973910244,5678648.369518829,4895522.283747181,2033748.8754358573,6477229.237922294,4003157.2709828275
15.115,3815702.066036408,5647738.804255192,4588018.180541734,7615019.549510302,2665413.9031277094,5692009.008162595,5368463.762008676
16.505,1117552.5040874807,1409023.8409204066,2910633.9758405355,1484928.1839113126,740824.3772130121,1117422.6671602216,2950309.627838155
18.665,1119093.7940626864,732916.8895141305,749527.6396273532,376411.9111322729,738813.998984483,736129.3063918012,729729.6023643166
